x,y,z,Output W,,,,
1.2497,-0.8045,-1.0951,37.618,,,,
1.0565,-0.7131,-0.0859,87.2795,,,,
0.183,-0.3585,-2.6431,0.0049,,,,
0.216,-0.016,-2.0122,0,,,,
0.1204,-0.5509,-2.3107,0.0055,,,,
1.4891,-0.1489,-0.8095,0.2541,,,,
1.2064,-0.6676,-1.1779,13.1428,,,,
0.7922,-0.0069,-1.1238,0,,,,
0.9531,-1.3942,-1.613,10.3615,,,, 
0.0641,-1.4119,-2.685,0.0194,,,,
0.3984,-0.5747,-0.4895,0.7987,,,,
0.2997,-1.3563,-1.2836,6.776,,,,
0.6512,-0.7985,-3.129,-5.3675,,,,
0.437,-0.7731,-3.0163,0.7238,,,,
0.9226,-0.9787,-2.6082,-53.6427,,,,
0.9813,-0.644,-1.2392,12.9847,,,,
0.4383,-0.7562,-1.3487,2.7693,,,,
0.0716,-1.5555,-2.1601,0.0446,,,,
0.5365,-0.6582,-1.7881,2.3219,,,,
0.6175,-0.4895,-2.8472,-0.3719,,,,
1.3777,-0.2532,-0.9316,1.1921,,,,
0.8224,-1.121,-1.0753,90.7592,,,,
1.0627,-1.5601,-0.4869,979.5453,,,,
0.3552,-1.5031,-3.0146,6.3895,,,,
1.217,-0.4283,-1.0528,5.4997,,,,
0.0043,-1.2425,-1.2617,0,,,,
1.4821,-0.9705,-2.2457,-268.3264,,,,
0.9825,-0.3812,-2.2406,-2.7771,,,,
0.3028,-1.2254,-2.6601,2.9499,,,,
0.1586,-0.641,-0.8818,0.0316,,,,
0.9694,-0.156,-1.0094,0.0867,,,,
1.0249,-0.7076,-2.5454,-33.6871,,,,
0.5112,-1.4167,-2.8911,3.2432,,,,
0.5501,-0.6998,-3.1013,-0.6046,,,,
0.5283,-0.1543,-1.9276,0.0069,,,,
1.1067,-0.6834,-0.1791,86.777,,,,
0.3557,-0.7407,-1.8059,1.0642,,,,
1.1269,-1.1961,-2.6434,-198.1127,,,,
1.2127,-0.553,-2.2379,-30.8683,,,,
1.3087,-1.4178,-0.3652,1421.7986,,,,
0.3894,-0.7162,-0.7681,1.6855,,,,
0.9951,-1.3554,-0.9688,270.5193,,,,
0.2891,-1.0331,-1.3456,2.0663,,,,
0.5569,-1.0686,-2.8001,0.2266,,,,
0.6583,-0.1077,-1.746,0.0031,,,,
0.9494,-0.1296,-0.8449,0.0476,,,,
0.3939,-1.0487,-0.2173,8.4385,,,,
1.0275,-0.0858,-0.6219,0.0145,,,,
0.87,-0.0784,-0.8289,0.0049,,,,
0.2155,-0.2266,-1.423,0.0016,,,,
0.6112,-1.0014,-1.3863,21.2865,,,,
0.856,-0.5591,-0.8541,10.683,,,,
0.4553,-0.418,-1.2076,0.3278,,,,
1.1672,-1.5409,-0.2473,1530.2904,,,,
0.1239,-1.2546,-0.928,0.1719,,,,
1.053,-0.3919,-2.258,-4.7937,,,,
0.8716,-1.3493,-2.2999,-69.3931,,,,
1.1805,-0.9449,-1.9008,-106.8281,,,,
0.6723,-0.3914,-1.1394,0.9953,,,,
0.9032,-0.639,-2.9406,-15.3314,,,,
0.7614,-0.8028,-3.1093,-14.1451,,,,
1.4646,-1.4718,-1.9103,-572.5355,,,,
0.309,-1.11,-2.4884,2.3746,,,,
0.7253,-0.2761,-1.3787,0.2526,,,,
0.4718,-0.4891,-1.5246,0.6091,,,,
0.5143,-0.7851,-0.3634,7.5691,,,,
0.2423,-1.3696,-1.8098,2.8953,,,,
0.2626,-0.8933,-1.9434,0.7351,,,,
1.2662,-0.2026,-1.7289,-0.6997,,,,
0.5752,-0.1132,-0.9938,0.0045,,,,
0.4413,-0.0331,-0.1001,0,,,,
1.1051,-0.6929,-2.4931,-43.3504,,,,
0.0334,-0.6655,-0.3168,0.0001,,,,
1.2327,-0.7098,-3.0951,-44.1094,,,,
0.3895,-0.5296,-0.2547,0.5361,,,,
0.1667,-0.1062,-1.3149,0,,,,
0.2166,-0.8421,-1.989,0.2873,,,,
0.8343,-0.7523,-1.1441,21.5889,,,,
0.4731,-1.2922,-2.8019,5.2247,,,,
0.314,-1.0945,-1.8379,3.0454,,,,
1.3177,-1.4938,-2.2646,-467.2485,,,,
1.0554,-1.0048,-2.9464,-99.4874,,,,
0.5385,-1.4243,-2.0282,25.4352,,,,
0.9174,-0.2767,-3.0772,-0.9796,,,,
1.3196,-1.5019,-0.4873,1325.0399,,,,
0.7241,-0.1095,-2.1734,0,,,,
1.3895,-0.5301,-2.2609,-45.0129,,,,
0.7725,-0.872,-2.3176,-7.305,,,,
0.615,-0.3353,-2.165,0.1198,,,,
0.2174,-1.0849,-1.1319,0.871,,,,
0.3074,-0.2296,-1.8642,0.0062,,,,
1.1154,-0.232,-0.517,1.1094,,,,
1.3014,-0.4302,-0.9932,6.9714,,,,
0.6742,-0.8287,-1.3133,14.9628,,,,
1.1797,-1.4305,-1.9499,-289.2823,,,,
1.1077,-0.7421,-2.4502,-53.2135,,,,
1.0216,-0.0762,-1.6985,-0.0018,,,,
1.3567,-1.0406,-0.3822,661.0279,,,,
0.1636,-0.8144,-1.7839,0.0885,,,,
0.7303,-1.5056,-0.8384,229.2131,,,,
0.0584,-0.026,-0.5785,0,,,,
1.2384,-0.6221,-2.572,-46.3812,,,,
1.0113,-1.1786,-1.1008,137.4166,,,,
1.5536,-0.7955,-1.4066,-166.727,,,,
0.6751,-1.5677,-3.0664,-45.6076,,,,
1.2248,-1.5114,-1.2608,20.4006,,,,
0.8383,-0.2113,-2.6916,-0.1731,,,,
0.2845,-0.1921,-0.8314,0.0026,,,,
1.4678,-1.2713,-2.166,-460.8086,,,,
0.2368,-1.1056,-2.7936,0.9378,,,,
0.0805,-0.2182,-1.8227,0,,,,
0.3679,-0.8981,-1.8952,2.3876,,,,
0.4952,-1.0176,-2.209,6.1549,,,,
0.6627,-0.2623,-2.4489,-0.0134,,,,
0.2773,-0.1523,-0.619,0.0009,,,,
0.2914,-0.6818,-2.9069,0.2773,,,,
1.5638,-0.7444,-1.0781,-33.8057,,,,
0.5497,-1.184,-2.8986,-0.5747,,,,
0.1929,-0.9194,-2.9385,0.2286,,,,
0.5198,-0.947,-3.0874,-0.3449,,,,
0.1005,-0.8296,-1.019,0.0144,,,,
0.2741,-0.868,-0.1645,0.9501,,,,
0.3077,-0.9443,-0.0907,2.1071,,,,
1.3296,-1.0746,-1.3286,-84.7977,,,,
1.0343,-1.328,-2.2449,-168.0426,,,,
0.0136,-0.6033,-1.9461,0,,,,
1.1342,-0.0346,-1.365,0,,,,
0.745,-1.2323,-2.0175,6.4085,,,,
0.8459,-1.451,-2.3125,-68.6857,,,,
1.0807,-1.4277,-2.1644,-228.6311,,,,
0.5959,-0.9563,-2.7255,-0.9421,,,,
0.1438,-0.5358,-0.5958,0.0105,,,,
0.9038,-1.4168,-2.7151,-133.8748,,,,
1.2669,-0.346,-1.5991,-4.0692,,,,
1.2951,-0.4051,-1.6338,-9.1252,,,,
0.0806,-0.0428,-2.4331,0,,,,
1.5581,-0.2259,-2.117,-3.7777,,,,
1.3946,-0.412,-1.8007,-18.734,,,,
1.0352,-1.3788,-1.6674,-55.159,,,,
1.2044,-0.2299,-3.1317,-1.1351,,,,
0.5023,-1.3766,-1.5424,33.4044,,,,
1.3885,-1.5379,-0.0748,2433.7671,,,,
1.5649,-1.0894,-0.9753,36.7155,,,,
1.2586,-1.2768,-2.0706,-320.717,,,,
0.0978,-0.6438,-2.8916,0.0045,,,,
0.7367,-0.614,-0.002,12.1361,,,,
0.1478,-0.7531,-2.756,0.0409,,,,
0.9125,-0.5611,-1.3727,5.3226,,,,
1.3653,-0.268,-1.2713,-0.806,,,,
1.2995,-0.5333,-0.7218,34.864,,,,
1.0862,-1.0653,-0.2252,403.8817,,,,
0.0973,-0.6492,-0.9772,0.0047,,,,
0.7838,-0.4193,-0.8021,2.7171,,,,
0.0076,-1.2034,-0.9464,0,,,,
0.9318,-1.2328,-1.0782,151.8419,,,,
1.4242,-1.0082,-2.0104,-291.2997,,,,
0.6548,-0.3927,-1.4668,0.7098,,,,
0.7904,-1.1549,-1.8978,6.9215,,,,
1.0462,-0.8207,-1.0104,56.997,,,,
1.5658,-1.1467,-2.8708,-70.8171,,,,
0.4946,-0.4002,-0.323,0.4511,,,,
0.2579,-0.2612,-3.0426,0.0043,,,,
1.2357,-0.2008,-0.1466,1.1074,,,,
0.0665,-0.7669,-3.1198,0.002,,,,
1.4479,-1.5697,-0.5917,1142.9937,,,,
1.4187,-1.1931,-1.9988,-406.0938,,,,
0.3445,-0.007,-2.4582,0,,,,
1.0097,-1.1812,-2.2609,-113.5816,,,,
0.6123,-0.811,-0.5458,16.1399,,,,
0.135,-0.823,-2.0896,0.0431,,,,
0.8964,-0.2743,-0.1515,1.0756,,,,
1.1834,-0.5886,-2.543,-34.3465,,,,
1.2068,-0.2,-1.1069,0.2292,,,,
1.441,-1.2442,-2.0776,-447.3443,,,,
1.0288,-0.5104,-1.5346,-0.1449,,,,
0.4444,-0.9919,-0.4104,10.6648,,,,
0.797,-0.6714,-2.8536,-9.036,,,,
1.4466,-0.1086,-2.0791,-0.174,,,,
1.5652,-0.2244,-1.0614,-0.3861,,,,
0.3249,-0.8821,-1.65,1.5988,,,,
1.0357,-1.0225,-1.2421,57.3432,,,,
0.1406,-1.2256,-2.2541,0.238,,,,
0.6342,-1.5476,-3.029,-27.0799,,,,
1.3855,-0.5414,-0.6101,53.57,,,,
0.3895,-0.2956,-1.7141,0.0408,,,,
0.3536,-0.5634,-0.1509,0.4685,,,,
1.3473,-1.5089,-2.3354,-475.1234,,,,
0.4577,-0.0641,-0.9297,0.0002,,,,
0.0279,-0.9166,-2.4144,0.0001,,,,
0.6063,-1.0619,-2.5791,0.191,,,,
0.1993,-0.8874,-0.2517,0.2916,,,,
0.3893,-0.2843,-2.8098,0.02,,,,
1.0678,-0.4995,-0.0838,23.0383,,,,
1.1283,-1.4178,-1.9108,-220.876,,,,
0.9932,-1.0906,-2.0617,-67.6543,,,,
0.2196,-1.5619,-0.7643,3.9209,,,,
0.6685,-0.7216,-0.2473,15.3422,,,,
1.3045,-1.1797,-1.9703,-301.7417,,,,
1.4829,-1.0742,-1.1384,-74.1863,,,,
1.3451,-0.3885,-0.9004,7.0145,,,,
0.903,-0.6232,-0.3251,27.0038,,,,
1.3578,-1.4195,-1.4974,-309.2021,,,,
0.154,-0.7778,-0.0441,0.0616,,,,
0.7081,-0.4534,-0.2501,3.076,,,,
0.5941,-1.4842,-2.9841,-11.9827,,,,
0.0286,-0.5544,-0.7336,0,,,,
0.071,-0.8634,-1.7618,0.0042,,,,
1.4313,-0.8798,-2.8061,-103.2895,,,,
0.7854,-1.4888,-1.6205,65.3882,,,,
0.0031,-1.4853,-2.5143,0,,,,
0.5975,-1.4416,-2.2568,15.8377,,,,
0.3061,-0.0741,-1.2722,0.0001,,,,
0.3921,-1.4404,-2.7122,8.3557,,,,
0.4561,-1.2639,-1.3492,21.4334,,,,
0.1116,-0.0919,-0.6764,0,,,,
0.8791,-1.1806,-1.4882,44.3024,,,,
0.112,-0.2054,-0.6609,0.0001,,,,
0.2285,-1.51,-2.6734,2.6909,,,,
0.2973,-1.298,-0.1568,6.4742,,,,
1.2261,-0.5448,-2.4584,-31.0387,,,,
1.2553,-0.5912,-0.6329,54.1508,,,,
1.3289,-0.8143,-0.3695,281.153,,,,
0.2207,-1.3461,-1.6172,2.006,,,,
0.2401,-1.1755,-2.2248,1.4325,,,,
0.064,-0.8474,-0.3048,0.0026,,,,
0.8565,-0.2026,-0.6805,0.2248,,,,
0.9847,-1.4644,-0.8957,377.3657,,,,
0.6185,-1.3568,-0.5542,116.0041,,,,
1.0472,-0.0024,-2.964,0,,,,
0.8096,-1.1088,-2.1911,-16.7346,,,,
0.9127,-1.5145,-1.9911,-68.4226,,,,
0.3434,-1.072,-0.922,4.9313,,,,
0.2898,-0.7125,-3.0562,0.3033,,,,
0.1197,-1.1623,-2.3384,0.1041,,,,
0.568,-1.2819,-1.7268,28.9908,,,,
0.4958,-0.7307,-0.202,5.0209,,,,
1.0123,-1.4579,-1.7813,-83.2266,,,,
0.0401,-0.171,-1.8034,0,,,,
1.4093,-0.2668,-2.6958,-3.5081,,,,
0.2513,-0.9565,-1.4577,0.8903,,,,
0.7218,-0.0756,-1.7345,0.0008,,,,
1.5571,-0.6614,-3.0505,3.3537,,,,
1.1441,-1.1754,-0.6626,412.5248,,,,
1.4346,-1.4971,-1.2583,-212.2287,,,,
0.1419,-0.4866,-2.0002,0.0065,,,,
0.1116,-0.2422,-0.7713,0.0002,,,,
0.3127,-1.476,-0.8186,12.1398,,,,
0.4442,-0.6607,-2.3127,0.9872,,,,
1.0653,-0.1532,-0.8871,0.1231,,,,
1.3449,-0.4699,-2.9975,-14.2079,,,,
0.7126,-0.4973,-3.0408,-1.9117,,,,
0.0996,-1.392,-1.6698,0.1071,,,,
0.7065,-1.317,-2.3136,-5.5902,,,,
0.3489,-0.71,-0.9408,1.0398,,,,
0.7647,-0.9069,-0.3224,61.0069,,,,
0.7378,-0.6149,-1.1688,7.3135,,,,
0.7129,-0.337,-1.1902,0.637,,,,
0.7854,-0.698,-0.041,25.7362,,,,
1.0613,-0.4994,-2.7354,-13.5548,,,,
1.1381,-0.4643,-1.7909,-7.8388,,,,
0.9912,-0.7858,-0.3776,90.1325,,,,
1.0569,-0.5928,-0.3464,39.7743,,,,
1.2237,-1.3045,-2.5984,-293.7176,,,,
0.1707,-1.5107,-0.9315,1.2696,,,,
0.6272,-0.8796,-2.1991,3.4703,,,,
0.1915,-0.9308,-1.594,0.2796,,,,
0.5948,-0.3616,-3.0058,-0.1207,,,,
1.3084,-0.9422,-0.6378,297.2025,,,,
1.3163,-1.4373,-1.3897,-185.4671,,,,
1.5352,-0.085,-2.8168,-0.0314,,,,
0.6386,-1.2298,-2.6115,-4.6936,,,,
0.0004,-0.1487,-0.4655,0,,,,
0.1411,-0.8664,-1.4665,0.0648,,,,
0.8293,-1.1414,-1.8565,3.4447,,,,
1.1252,-0.1379,-1.9792,-0.1025,,,,
0.182,-1.0479,-0.321,0.3933,,,,
1.4056,-0.679,-2.5029,-81.4802,,,,
1.2206,-0.7663,-3.0802,-55.544,,,,
0.9685,-0.0449,-0.9608,0.0006,,,,
1.4188,-0.1459,-0.613,0.3511,,,,
1.2947,-0.7306,-0.6524,121.6869,,,,
1.305,-0.16,-0.743,0.3179,,,,
1.4722,-0.5972,-1.9517,-82.7017,,,,
0.3631,-1.5662,-2.7759,9.2246,,,,
0.506,-1.0375,-2.3383,5.6381,,,,
0.3901,-0.9015,-0.2649,4.4572,,,,
1.5658,-1.1068,-1.375,-349.5919,,,,
1.0757,-1.478,-2.2811,-256.4569,,,,
0.929,-0.0659,-2.1582,-0.0018,,,,
1.2821,-0.4201,-0.6467,15.6115,,,,
1.266,-0.3441,-1.7104,-4.9743,,,,
1.224,-1.3558,-1.5293,-157.6237,,,,
1.365,-1.0782,-0.7833,324.9301,,,,
0.876,-1.4054,-1.3718,105.3006,,,,
0.2014,-0.3337,-0.6494,0.0061,,,,
0.8918,-0.1265,-2.0971,-0.014,,,,
0.2127,-0.6445,-0.681,0.1043,,,,
0.5622,-0.401,-0.9831,0.6432,,,,
1.2815,-0.2324,-0.522,1.811,,,,
0.6036,-0.9306,-0.0302,28.3175,,,,
0.6006,-1.0402,-1.9598,11.2725,,,,
0.0649,-0.788,-2.9048,0.002,,,,
0.2903,-1.4864,-0.2553,10.0167,,,,
0.0375,-0.513,-0.746,0,,,,
0.657,-0.451,-0.5203,2.1313,,,,
0.1295,-0.5104,-2.7182,0.0053,,,,
0.2349,-0.9728,-1.8125,0.6988,,,,
0.1048,-0.3397,-0.238,0.0005,,,,
0.0197,-1.546,-0.6934,0.0003,,,,
0.2185,-0.0979,-2.7306,0.0001,,,,
0.9588,-0.5336,-1.2968,5.5386,,,,
1.124,-0.3528,-0.6948,5.0036,,,,
1.3301,-0.7278,-2.1915,-100.0686,,,,
0.3247,-0.8493,-2.8344,0.8676,,,,
0.7593,-0.2059,-2.2996,-0.0299,,,,
0.6099,-1.2404,-0.4313,83.1736,,,,
1.1684,-0.2182,-1.5982,-0.3469,,,,
0.8496,-0.9595,-0.09,117.6977,,,,
0.8708,-1.384,-2.6819,-104.7394,,,,
0.2933,-0.1534,-2.1667,0.001,,,,
1.092,-0.0086,-1.1929,0,,,,
1.1203,-1.4171,-1.1412,180.9496,,,,
0.5788,-0.2163,-2.276,0.0179,,,,
0.1911,-0.8787,-0.3607,0.2368,,,,
0.1818,-0.1415,-0.2312,0.0001,,,,
0.7953,-1.0818,-1.3998,44.3579,,,,
0.8153,-0.7776,-2.9304,-16.9518,,,,
0.9566,-1.2978,-2.9069,-140.6331,,,,
0.2068,-1.0216,-1.277,0.5593,,,,
0.7979,-0.6844,-1.5405,6.9341,,,,
0.428,-0.45,-2.2975,0.2136,,,,
0.9877,-0.4518,-2.6245,-6.9054,,,,
0.318,-0.1065,-0.1304,0.0004,,,,
0.6193,-0.8457,-1.5037,10.7333,,,,
0.6044,-1.3265,-0.9497,78.6287,,,,
1.165,-1.2924,-1.7919,-185.457,,,,
0.7023,-1.3879,-0.4143,209.0124,,,,
0.5737,-0.5377,-1.082,2.0982,,,,
1.4774,-1.4111,-1.9197,-563.6706,,,,
0.4639,-0.1699,-0.7884,0.0108,,,,
0.4088,-0.9163,-2.1375,3.0742,,,,
0.7763,-0.2045,-2.9914,-0.1207,,,,
1.3778,-0.4269,-2.5384,-19.2175,,,,
0.5649,-0.5118,-0.2822,2.0359,,,,
1.3263,-1.0472,-2.0727,-252.113,,,,
1.1224,-0.7486,-2.2428,-54.4952,,,,
0.0565,-0.8573,-0.8619,0.0017,,,,
0.0863,-1.0694,-0.0251,0.0218,,,,
0.0059,-1.1462,-2.0285,0,,,,
0.6326,-1.3469,-0.7955,106.5341,,,,
1.0422,-0.7395,-1.8863,-22.7064,,,,
0.6604,-1.1476,-0.6192,76.8143,,,,
0.3078,-0.3835,-2.122,0.0452,,,,
0.9993,-0.0993,-2.9406,-0.0277,,,,
1.4884,-0.3612,-1.3678,-9.1113,,,,
1.4913,-1.1894,-1.4705,-362.4226,,,,
0.7566,-0.9,-0.3727,56.0803,,,,
0.04,-0.4958,-1.7164,0,,,,
1.3178,-1.1506,-1.982,-298.3667,,,,
0.1241,-0.7773,-1.6779,0.0251,,,,
0.8299,-0.8391,-0.5654,55.1253,,,,
0.5498,-1.1485,-1.8029,17.4594,,,,
0.62,-1.2907,-2.9413,-11.5076,,,,
0.6955,-1.2344,-1.3872,57.102,,,,
0.598,-0.2845,-2.2981,0.0465,,,,
0.037,-1.4305,-1.9914,0.0023,,,,
0.5811,-0.2664,-2.0748,0.0592,,,,
1.1647,-0.9493,-1.6731,-68.7971,,,,
0.6188,-0.3029,-1.3169,0.2475,,,,
0.7847,-1.3371,-0.845,189.5455,,,,
1.2471,-0.0772,-0.4099,0.0224,,,,
1.0024,-1.3553,-2.4931,-173.4332,,,,
1.1006,-0.9071,-0.3238,227.2439,,,,
0.8176,-0.7914,-1.8422,2.206,,,,
0.0952,-0.3956,-2.169,0.0006,,,,
1.3942,-0.8582,-1.0811,20.1828,,,,
0.2808,-1.0573,-0.1295,2.2944,,,,
1.5532,-0.1183,-0.2556,0.3136,,,,
0.0081,-0.3733,-1.1564,0,,,,
0.4179,-0.2832,-2.544,0.0277,,,,
1.3176,-0.9914,-1.2574,-31.3224,,,,
0.356,-0.2529,-1.218,0.0178,,,,
1.1593,-1.5311,-0.8219,585.4902,,,,
0.8032,-0.1123,-0.8967,0.0149,,,,
0.4183,-1.4441,-1.0254,30.3771,,,,
0.6787,-0.9399,-1.6783,14.3146,,,,
1.295,-1.0822,-1.5753,-162.7462,,,,
0.8679,-0.5267,-2.6122,-5.652,,,,
0.8399,-0.3397,-0.416,1.8332,,,,
0.233,-1.5157,-0.1508,4.5647,,,,
0.5644,-0.6358,-1.949,1.9067,,,,
0.2417,-0.2415,-1.1792,0.0033,,,,
0.3818,-1.0693,-2.8273,2.7131,,,,
1.4812,-0.5951,-0.8714,36.8542,,,,
0.6462,-1.3257,-2.698,-10.3916,,,,
0.093,-0.0893,-1.5575,0,,,,
1.5114,-1.4508,-0.7138,710.9127,,,,
0.2789,-0.7967,-1.4584,0.6438,,,,
0.9261,-0.8567,-0.5809,85.7188,,,,
1.3399,-1.2026,-1.9993,-347.211,,,,
0.335,-0.1674,-1.7494,0.0025,,,,
0.7844,-0.6086,-0.9966,9.9018,,,,
1.4424,-0.9647,-2.2457,-252.3132,,,,
0.6634,-1.3827,-1.8268,35.9199,,,,
1.0735,-0.3837,-1.7762,-2.3606,,,,
0.5975,-0.1582,-2.2347,0.0055,,,,
1.2232,-0.4965,-0.1881,37.1688,,,,
0.5393,-0.3597,-1.6925,0.2492,,,,
0.0373,-0.6045,-2.6282,0.0001,,,,
0.7307,-0.4749,-0.9318,3.2032,,,,
0.0112,-0.2242,-2.5572,0,,,,
0.204,-0.3008,-1.6444,0.004,,,,
0.1416,-0.7713,-3.0619,0.0373,,,,
0.3823,-1.4955,-0.068,30.3115,,,,
0.0664,-1.0984,-2.2435,0.0083,,,,
1.1348,-0.0068,-1.4864,0,,,,
0.5431,-1.3837,-0.6483,75.6979,,,,
0.4398,-0.3616,-1.3869,0.1543,,,,
1.4919,-1.4465,-2.2623,-500.1045,,,,
0.8803,-1.2352,-1.754,4.5745,,,,
0.0029,-1.1893,-1.4391,0,,,,
1.5648,-0.2153,-1.4311,-2.1847,,,,
0.2592,-0.7672,-1.6483,0.4097,,,,
0.9914,-0.3612,-1.9839,-1.602,,,,
0.6093,-0.8945,-0.8894,20.0255,,,,
0.0815,-0.604,-1.595,0.0017,,,,
0.1786,-0.7995,-0.6488,0.123,,,,
1.1634,-1.2766,-0.3133,854.155,,,,
1.3386,-0.2359,-2.7035,-2.1137,,,,
1.3919,-1.0992,-0.5403,643.5867,,,,
0.9797,-0.4026,-0.5943,5.7992,,,,
0.2065,-0.3721,-2.4469,0.009,,,,
0.8354,-0.758,-0.6611,36.2816,,,,
0.204,-0.9286,-0.2236,0.383,,,,
0.649,-0.2593,-2.0644,0.0527,,,,
1.335,-0.7458,-0.8425,87.5482,,,,
0.4363,-1.1529,-1.536,12.1099,,,,
1.5296,-0.208,-0.5753,1.9047,,,,
1.3198,-0.5493,-2.4179,-40.6715,,,,
0.4001,-0.8433,-0.0862,3.8111,,,,
0.1219,-1.1024,-2.1796,0.0914,,,,
0.3731,-0.4334,-2.8528,0.0926,,,,
0.8529,-0.3441,-1.3853,0.7893,,,,
0.1765,-1.396,-1.8659,0.969,,,,
1.3487,-0.8925,-1.9622,-178.6935,,,,
0.6711,-0.1747,-0.7186,0.05,,,,
0.6054,-1.4825,-2.0545,28.0947,,,,
1.4656,-0.504,-2.016,-48.5058,,,,
1.4373,-0.1536,-1.3157,-0.2167,,,,
0.2052,-0.2254,-0.9564,0.0013,,,,
1.2556,-0.4417,-0.9105,10.309,,,,
1.0824,-0.5772,-2.9803,-21.8123,,,,
0.6499,-0.5359,-2.9696,-1.1392,,,,
1.0418,-0.9529,-1.6504,-20.5765,,,,
0.8546,-1.1842,-0.5744,209.4517,,,,
0.665,-1.1314,-2.3663,-0.1283,,,,
0.1634,-0.502,-0.3967,0.0135,,,,
1.1461,-0.7758,-0.6656,106.2308,,,,
1.0902,-0.3864,-2.3378,-5.8326,,,,
1.1103,-0.5384,-0.6091,26.9479,,,,
0.8527,-0.9526,-1.9128,-4.1363,,,,
1.0428,-1.444,-0.4502,793.5773,,,,
0.2075,-0.0909,-1.4005,0,,,,
0.8548,-1.0698,-1.3869,45.9584,,,,
1.2346,-1.0022,-0.1602,519.7773,,,,
0.9317,-0.9573,-1.201,53.352,,,,
0.2404,-0.0331,-1.5743,0,,,,
0.1337,-0.4981,-0.1149,0.0059,,,,
0.3198,-0.4156,-0.2066,0.0931,,,,
1.5258,-1.1887,-1.918,-486.9661,,,,
0.0587,-1.3657,-2.062,0.0122,,,,
1.0857,-1.4837,-1.1874,174.289,,,,
0.2663,-0.376,-0.2489,0.03,,,,
0.7809,-0.6246,-1.7261,2.9413,,,,
0.5135,-0.384,-2.8826,0.0368,,,,
0.7608,-1.334,-1.3625,86.471,,,,
0.6406,-1.3389,-2.052,19.4341,,,,
0.1161,-1.2982,-1.1624,0.1514,,,,
1.4233,-0.0449,-3.1146,-0.0014,,,,
0.6495,-1.4132,-1.7608,43.6421,,,,
0.4574,-0.1742,-0.1276,0.0121,,,,
1.1039,-1.4271,-2.4445,-274.9244,,,,
1.2671,-0.1748,-0.2371,0.6827,,,,
0.6395,-0.4453,-0.7669,1.6907,,,,
0.8303,-1.0772,-2.6245,-40.0063,,,,
1.2812,-1.4785,-1.0649,189.6312,,,,
0.0806,-0.1032,-1.0541,0,,,,
0.1313,-0.0707,-2.7701,0,,,,
0.458,-0.3889,-0.2118,0.2989,,,,
1.3715,-1.3959,-0.8303,480.3173,,,,
0.6403,-1.2105,-2.5794,-3.809,,,,
0.3123,-0.588,-1.5234,0.2939,,,,
0.8861,-0.4908,-0.5736,8.8981,,,,
0.0989,-0.1471,-3.0916,0,,,,
0.0824,-0.4687,-1.8845,0.0007,,,,
0.4215,-0.6083,-2.1044,0.7397,,,,
0.1711,-0.9193,-0.1329,0.1828,,,,
0.6752,-1.3178,-0.0831,163.611,,,,
1.4586,-1.2243,-2.1221,-439.5065,,,,
1.1222,-0.1923,-0.6591,0.4739,,,,
0.6359,-1.0269,-2.871,-6.5122,,,,
0.5699,-1.0368,-1.0124,25.8871,,,,
0.4516,-0.2308,-0.3288,0.0349,,,,
1.2899,-0.3593,-0.0667,13.2978,,,,
0.8477,-0.3776,-1.9926,-0.3228,,,,
0.5675,-0.3566,-0.8882,0.4328,,,,
0.835,-0.4057,-2.9469,-2.2956,,,,
1.3485,-1.1817,-0.8187,361.2382,,,,
1.4917,-0.5862,-1.671,-75.3553,,,,
0.6039,-0.5324,-0.9405,2.5796,,,,
1.1726,-0.6044,-0.3404,62.8439,,,,
0.93,-0.423,-0.4011,6.4672,,,,
0.0762,-0.9234,-2.9563,0.007,,,,
0.0373,-1.4718,-2.8783,0.0027,,,,
1.4226,-0.1455,-0.886,0.1651,,,,
0.9688,-0.264,-1.559,0.0729,,,,
0.7173,-1.2202,-1.4934,48.8742,,,,
0.9396,-0.7249,-2.7206,-25.5688,,,,
1.0959,-1.0922,-0.962,168.0797,,,,
0.6177,-0.5007,-0.3127,2.644,,,,
0.443,-0.6298,-2.5627,0.6497,,,,
0.3735,-0.7055,-0.3191,1.4172,,,,
0.3508,-0.7043,-0.7539,1.0558,,,,
1.3063,-0.8344,-1.3393,-37.6631,,,,
1.5373,-1.5299,-0.7855,507.2166,,,,
0.2863,-0.1507,-0.2222,0.001,,,,
1.3993,-0.5158,-2.0006,-43.4895,,,,
0.3762,-0.7739,-1.4931,1.6934,,,,
1.0568,-1.04,-0.7243,212.6749,,,,
1.3306,-1.1886,-1.3384,-113.5534,,,,
0.6797,-0.5608,-1.1683,4.0676,,,,
1.4143,-0.8021,-0.906,85.2258,,,,
1.4532,-0.7933,-2.8963,-60.5487,,,,
1.5249,-1.0471,-0.7552,344.3217,,,,
1.5344,-0.8592,-2.1047,-237.0868,,,,
1.2722,-0.476,-0.5954,26.415,,,,
0.0975,-0.5029,-2.107,0.0017,,,,
0.2672,-1.4841,-0.1564,7.2084,,,,
1.0913,-0.2212,-3.0769,-0.8365,,,,
0.4909,-0.4305,-1.5433,0.417,,,,
0.7379,-0.6616,-2.0491,0.7325,,,,
0.09,-0.358,-0.5228,0.0003,,,,
0.2415,-0.6537,-0.6679,0.1824,,,,
0.8534,-0.3812,-1.0969,1.8777,,,,
1.4931,-1.0431,-1.4994,-294.9439,,,,
0.3886,-0.5674,-0.9929,0.6412,,,,
0.641,-1.1411,-2.3025,4.1184,,,,
0.6108,-0.4001,-2.8011,-0.1284,,,,
1.3593,-0.9714,-1.0511,60.2249,,,,
1.2465,-1.4081,-0.6033,863.5283,,,,
0.9887,-1.1761,-1.6845,-20.0782,,,,
0.1139,-0.3095,-0.3344,0.0005,,,,
0.0206,-0.1774,-2.0347,0,,,,
1.2951,-0.4812,-1.8993,-23.0363,,,,
1.1359,-1.2319,-2.531,-220.2076,,,,
0.5741,-0.3357,-1.2904,0.2974,,,,
0.455,-1.263,-0.6036,28.6539,,,,
0.6793,-0.5601,-0.5918,5.5526,,,,
0.8042,-1.0223,-2.9752,-36.0143,,,,
1.0251,-0.2284,-0.4405,0.8012,,,,
0.1556,-0.0526,-1.3188,0,,,,
0.5577,-1.1657,-2.1936,10.6099,,,,
1.5224,-0.4743,-2.3111,-38.7335,,,,
1.0668,-0.5945,-0.3811,40.8668,,,,
0.9066,-0.2227,-1.3362,0.17,,,,
0.287,-0.9696,-0.608,1.7318,,,,
0.0098,-0.8141,-2.8019,0,,,,
0.0101,-1.5538,-1.7561,0,,,,
0.0594,-0.522,-2.0692,0.0003,,,,
0.1406,-0.3979,-0.3519,0.0029,,,,
1.0684,-0.5229,-0.6564,20.2888,,,,
1.4875,-1.117,-1.787,-406.5586,,,,
0.2486,-1.4995,-0.2299,5.6383,,,,
1.4776,-1.5037,-1.5866,-517.8926,,,,
1.0521,-0.6936,-3.0524,-34.0104,,,,
0.4851,-0.2604,-2.9481,0.0102,,,,
0.3971,-0.9908,-0.3522,6.894,,,,
1.1709,-0.9934,-3.0989,-106.113,,,,
0.4775,-0.548,-1.0025,1.2065,,,,
1.3363,-1.1602,-1.8409,-302.1191,,,,
0.5103,-0.2221,-1.3216,0.0383,,,,
0.386,-0.0806,-2.9031,0.0001,,,,
1.2314,-1.3998,-2.7476,-311.2434,,,,
0.1499,-0.1745,-2.3715,0.0001,,,,
0.5831,-0.9215,-0.2906,23.2838,,,,
0.1391,-0.1723,-0.3858,0.0001,,,,
0.717,-0.4806,-1.0227,2.9595,,,,
0.7992,-0.9073,-0.9543,47.5083,,,,
0.2294,-0.5063,-0.2066,0.0544,,,,
1.1139,-0.0099,-3.032,0,,,,
0.6107,-0.1848,-2.1344,0.0126,,,,
0.7285,-1.385,-0.786,182.399,,,,
0.3217,-0.4476,-2.7207,0.0784,,,,
0.8876,-1.4997,-1.4584,92.6986,,,,
0.9368,-1.5548,-1.2312,196.9667,,,,
0.1322,-0.2266,-2.568,0.0002,,,,
0.7159,-1.0604,-1.7545,18.2623,,,,
0.3594,-0.4727,-1.8764,0.1879,,,,
1.2785,-1.1111,-0.1719,813.7533,,,,
0.4731,-1.2048,-0.6436,27.3825,,,,
0.79,-0.2059,-2.8733,-0.1255,,,,
0.9304,-1.0807,-0.6783,180.7205,,,,
1.3491,-0.7041,-2.7329,-68.1052,,,,
1.1981,-0.3632,-3.0955,-5.6991,,,,
1.4806,-1.3419,-2.7501,-235.4573,,,,
0.4539,-0.6678,-0.5901,2.3792,,,,
0.6614,-0.1897,-0.1971,0.0735,,,,
0.6035,-0.069,-0.7039,0.0008,,,,
0.9008,-0.6955,-1.2623,15.1433,,,,
0.708,-0.0561,-2.8163,-0.0003,,,,
1.07,-0.0021,-1.099,0,,,,
1.2345,-0.1816,-0.1182,0.744,,,,
0.2293,-0.7926,-2.8985,0.235,,,,
0.1577,-0.232,-1.5888,0.0005,,,,
0.0539,-1.3818,-2.0419,0.0091,,,,
1.1132,-0.6263,-1.641,-11.7865,,,,
0.8488,-0.0498,-2.452,-0.0005,,,,
0.6168,-0.4663,-0.3244,1.9797,,,,
0.4579,-0.3983,-0.5113,0.3202,,,,
0.0581,-1.0363,-0.4968,0.0039,,,,
0.1952,-0.3615,-0.0421,0.0074,,,,
0.9331,-0.2877,-1.4702,0.2893,,,,
1.2435,-1.4211,-0.8199,525.6589,,,,
1.5058,-1.5612,-1.1419,-151.5109,,,,
1.4338,-0.5226,-1.5649,-37.7107,,,,
0.637,-0.8162,-0.2804,20.4704,,,,
0.4822,-1.0356,-1.0435,14.3921,,,,
1.2989,-1.0901,-0.1298,820.4971,,,,
0.0854,-1.1401,-2.9007,0.0255,,,,
0.4966,-0.5343,-1.9356,0.774,,,,
0.6644,-0.8584,-1.7875,8.4824,,,,
0.1234,-1.0654,-0.6339,0.0888,,,,
0.6515,-0.9809,-0.597,41.2312,,,,
0.5187,-0.4939,-0.2366,1.2665,,,,
0.2239,-1.077,-0.7474,0.9805,,,,
0.4447,-0.113,-1.6896,0.0014,,,,
0.7585,-1.3509,-1.1381,126.4961,,,,
0.1513,-1.4007,-2.6354,0.5024,,,,
1.4999,-1.5039,-0.7843,546.4194,,,,
1.416,-0.3033,-1.8283,-7.0292,,,,
1.3543,-0.1842,-2.2381,-1.0364,,,,
1.2662,-1.3178,-2.8477,-260.9618,,,,
1.0068,-1.1901,-1.973,-80.6551,,,,
0.4272,-1.1236,-1.5506,10.2564,,,,
1.4528,-0.106,-2.1629,-0.1619,,,,
1.4568,-0.5015,-0.0014,78.0693,,,,
1.3193,-0.5743,-2.4711,-45.3624,,,,
1.4386,-1.5415,-2.606,-370.9847,,,,
0.3164,-1.2405,-2.7389,3.3054,,,,
0.1777,-1.303,-0.2515,0.853,,,,
0.8345,-0.1898,-0.359,0.1793,,,,
0.1232,-0.2646,-2.9945,0.0003,,,,
0.2782,-0.1897,-1.1852,0.0022,,,,
0.5674,-1.1213,-1.0437,33.3257,,,,
0.2636,-1.183,-2.2861,1.9766,,,,
0.9264,-0.1589,-2.9398,-0.1206,,,,
1.5462,-0.6639,-2.8961,-21.5921,,,,
1.2296,-0.932,-1.5151,-64.1502,,,,
0.4081,-1.0909,-3.1405,2.0572,,,,
1.138,-0.0875,-0.5833,0.0232,,,,
0.0382,-0.353,-0.4711,0,,,,
1.5697,-0.7556,-3.0098,1.561,,,,
0.4497,-0.8794,-0.7882,6.4965,,,,
0.1642,-1.0745,-1.9822,0.2633,,,,
1.0965,-0.4532,-3.0466,-10.3116,,,,
1.4456,-0.8409,-2.5073,-146.1545,,,,
0.7911,-0.3585,-1.7392,0.3435,,,,
0.3599,-0.3234,-2.2012,0.0377,,,,
1.5422,-0.0594,-3.0132,-0.0013,,,,
0.6131,-1.1508,-2.7888,-4.6236,,,,
0.3535,-0.7983,-1.3553,1.5899,,,,
1.3067,-1.2407,-2.7733,-251.5044,,,,
1.304,-0.2955,-1.5511,-2.5253,,,,
0.3286,-0.0626,-2.1399,0,,,,
1.0833,-1.461,-0.3741,980.8995,,,,
1.1935,-0.1402,-2.9244,-0.204,,,,
0.3656,-1.221,-0.4045,11.2729,,,,
0.6142,-0.587,-1.7324,2.1365,,,,
1.2741,-0.5138,-1.2245,0.4512,,,,
0.5269,-0.4571,-0.902,0.8753,,,,
0.7585,-0.6962,-2.8974,-7.7682,,,,
0.4439,-0.1438,-2.9674,0.0012,,,,
1.254,-0.6524,-2.0359,-55.7345,,,,
1.1975,-0.1313,-2.3244,-0.1636,,,,
1.0397,-1.1685,-2.0715,-108.8583,,,,
1.5519,-1.3497,-0.452,1422.1162,,,,
0.3934,-0.0848,-2.0382,0.0003,,,,
1.305,-1.393,-0.7804,574.8602,,,,
1.283,-0.508,-2.2427,-29.8827,,,,
0.794,-0.559,-0.1405,11.179,,,,
0.2436,-1.3934,-2.3717,2.7094,,,,
0.9105,-0.0654,-1.4399,0.001,,,,
0.479,-1.5326,-0.3004,77.4397,,,,
0.9476,-0.4638,-0.5948,8.9591,,,,
0.4891,-0.8414,-1.9945,3.8594,,,,
1.2002,-0.5351,-1.2542,2.5803,,,,
0.47,-1.1253,-1.6297,13.0525,,,,
1.3291,-0.003,-1.6491,0,,,,
1.0921,-0.0784,-2.8962,-0.0158,,,,
0.3755,-1.4996,-0.0357,28.5815,,,,
0.5767,-0.6643,-0.4386,6.0502,,,,
1.14,-1.4835,-0.2185,1335.7979,,,,
1.1093,-0.9539,-2.7044,-106.4511,,,,
1.2178,-0.9069,-1.9151,-114.3711,,,,
0.3147,-0.7068,-2.6475,0.4402,,,,
1.201,-1.3105,-3.048,-211.6586,,,,
1.3899,-0.9799,-3.0627,-78.1478,,,,
0.7563,-0.0136,-2.4051,0,,,,
0.7781,-0.115,-1.0748,0.0128,,,,
0.7505,-0.4369,-2.6461,-1.1092,,,,
0.5757,-0.4984,-2.1144,0.62,,,,
1.5162,-1.0215,-2.937,-62.7663,,,,
0.9992,-1.4619,-0.4602,726.524,,,,
0.7061,-0.9167,-2.4821,-5.0906,,,,
1.3006,-0.2561,-3.098,-1.7176,,,,
0.7154,-0.7431,-0.9683,16.1744,,,,
0.9796,-0.6474,-2.0132,-11.8632,,,,
0.9318,-0.0512,-2.4123,-0.001,,,,
0.7178,-0.8236,-2.8312,-8.5706,,,,
0.4204,-0.245,-0.9401,0.031,,,,
0.3024,-0.1495,-2.6202,0.0009,,,,
1.2002,-1.2725,-0.9047,317.5311,,,,
1.4591,-1.2456,-1.0394,47.9026,,,,
0.5254,-0.6132,-2.9788,0.0138,,,,
1.0469,-0.6718,-0.2982,63.3013,,,,
0.7407,-0.303,-1.5914,0.2767,,,,
1.5052,-1.2057,-2.7004,-214.2172,,,,
0.1052,-0.7612,-3.0929,0.0114,,,,
0.7894,-1.2406,-2.4459,-33.8213,,,,
1.1682,-0.5504,-1.6271,-11.5633,,,,
0.9996,-0.8295,-1.1083,44.4578,,,,
0.2448,-1.0366,-2.3617,0.9232,,,,
0.8394,-0.152,-0.9231,0.0563,,,,
0.7598,-1.5237,-1.1777,171.5919,,,,
0.9151,-1.5544,-1.0499,296.0883,,,,
0.5409,-0.7495,-1.5355,4.7225,,,,
0.1649,-1.3544,-2.5534,0.6107,,,,
0.0414,-1.0011,-1.2736,0.0009,,,,
1.4813,-0.6023,-2.364,-71.469,,,,
1.1423,-1.2872,-2.3344,-245.3225,,,,
1.0817,-0.8798,-2.5388,-79.1809,,,,
0.8378,-0.4747,-2.4779,-2.7105,,,,
0.341,-0.2669,-2.1644,0.015,,,,
1.5602,-0.2249,-0.886,0.8086,,,,
0.5335,-1.238,-2.0527,15.6776,,,,
1.2888,-0.9981,-0.4783,445.2623,,,,
0.818,-0.6067,-0.2804,16.8989,,,,
0.5219,-0.3374,-2.6313,0.0526,,,,
0.6291,-1.5134,-1.2249,106.8174,,,,
1.2963,-0.5766,-1.2984,-7.3716,,,,
0.4863,-0.5027,-1.0463,0.9069,,,,
0.3628,-0.4786,-2.1351,0.1855,,,,
1.0632,-0.0546,-1.2711,0.0007,,,,
1.1001,-1.0534,-0.0731,425.5246,,,,
0.4429,-1.5591,-2.9887,7.2196,,,,
0.5589,-0.7895,-1.4393,6.7507,,,,
1.1934,-1.2949,-2.6905,-265.4036,,,,
0.4515,-0.4162,-1.6923,0.2599,,,,
0.4836,-1.5372,-2.0186,28.1881,,,,
0.7937,-0.6142,-0.8484,12.0478,,,,
0.0248,-1.3038,-0.348,0.0003,,,,
0.0463,-1.4087,-2.1581,0.0054,,,,
0.08,-0.733,-0.515,0.0035,,,,
0.1019,-0.0002,-0.9911,0,,,,
1.2447,-0.6647,-1.4319,-18.3732,,,,
1.4528,-0.9994,-0.2787,794.9978,,,,
0.0083,-0.4765,-1.9684,0,,,,
1.0621,-0.1281,-2.6925,-0.0943,,,,
0.6311,-0.2327,-0.4502,0.1334,,,,
1.3285,-0.6776,-1.1299,9.0323,,,,
0.518,-0.3304,-0.2482,0.2539,,,,
1.3101,-0.6946,-2.7371,-63.8293,,,,
0.1773,-0.2999,-1.2519,0.0023,,,,
0.3213,-1.0184,-2.9338,1.5392,,,,
0.3534,-0.1694,-2.9247,0.0019,,,,
0.6552,-1.1934,-1.1529,58.5208,,,,
1.5588,-0.2849,-0.1706,10.8698,,,,
0.8177,-0.7179,-1.6602,5.4774,,,,
0.1862,-0.5,-3.0437,0.0185,,,,
0.3576,-0.8989,-1.3006,2.6589,,,,
0.5998,-0.2004,-3.0311,-0.0147,,,,
0.6759,-1.1169,-1.6344,27.1751,,,,
1.0604,-0.5698,-0.3055,35.2491,,,,
0.248,-1.2865,-1.1182,2.8212,,,,
1.3041,-1.1187,-2.035,-273.9869,,,,
0.9055,-0.536,-1.6168,1.4238,,,,
0.7039,-0.5896,-0.9109,6.6168,,,,
0.5678,-0.7038,-0.1686,7.404,,,,
1.3286,-1.1846,-0.8987,270.2735,,,,
0.424,-0.028,-1.7765,0,,,,
1.2072,-0.124,-1.008,0.0516,,,,
1.4799,-0.4939,-0.591,47.2482,,,,
0.223,-0.957,-2.5798,0.4717,,,,
0.6143,-0.7596,-1.6778,5.893,,,,
0.2363,-0.1327,-1.7412,0.0003,,,,
0.4435,-0.3627,-3.0023,0.044,,,,
0.2786,-0.6775,-2.6456,0.2591,,,,
1.2212,-0.4472,-0.4112,21.8734,,,,
0.834,-0.6896,-1.3016,12.2661,,,,
1.3747,-0.4097,-2.368,-18.5505,,,,
1.3437,-1.1912,-0.4583,855.4833,,,,
0.9389,-1.3255,-0.4051,469.5182,,,,
1.0085,-0.237,-1.4781,0.0745,,,,
0.3317,-0.4157,-1.7679,0.0883,,,,
1.4202,-1.054,-2.4467,-258.5607,,,,
1.1358,-0.431,-2.8316,-10.5014,,,,
1.3285,-1.3559,-0.2459,1518.75,,,,
0.4964,-0.7892,-1.114,5.5154,,,,
0.3582,-0.6835,-2.6981,0.5315,,,,
0.4444,-0.3456,-2.5059,0.0699,,,,
1.3811,-1.0418,-2.431,-246.9301,,,,
0.9596,-1.1981,-2.7131,-114.0778,,,,
0.5929,-1.1608,-0.4999,57.1709,,,,
1.437,-1.3149,-0.8623,355.7039,,,,
1.3264,-0.8589,-1.5347,-97.265,,,,
0.2863,-0.1667,-0.2876,0.0015,,,,
0.579,-0.867,-2.5488,1.1605,,,,
0.7255,-1.1375,-2.029,6.7977,,,,
0.5297,-0.5351,-2.264,0.6118,,,,
1.3296,-1.4804,-2.9478,-258.9945,,,,
0.6495,-0.0144,-0.7224,0,,,,
0.9127,-1.156,-2.5954,-79.4813,,,,
1.4965,-0.3928,-0.3567,28.6842,,,,
0.7316,-1.1731,-0.7697,106.3042,,,,
0.6059,-0.4392,-0.5377,1.3983,,,,
1.2156,-1.1431,-0.7345,374.7175,,,,
0.4495,-0.9357,-0.7941,8.2342,,,,
0.9887,-0.9525,-1.1872,56.5342,,,,
1.075,-1.1978,-1.1127,140.1362,,,,
0.0769,-0.9683,-1.854,0.0091,,,,
0.659,-0.1336,-0.2926,0.0176,,,,
1.1954,-0.1534,-2.2,-0.2792,,,,
0.2152,-0.0743,-2.4821,0,,,,
0.9062,-0.1303,-2.5159,-0.0368,,,,
0.0659,-0.9192,-2.2162,0.004,,,,
0.8959,-1.4294,-0.6954,391.8036,,,,
1.5652,-1.2275,-1.5758,-512.8036,,,,
1.0001,-0.3315,-1.0417,1.7279,,,,
0.3048,-1.3591,-1.3036,7.2272,,,,
1.4212,-1.5039,-1.8739,-547.4122,,,,
0.6521,-0.7133,-2.9792,-3.1314,,,,
1.1488,-1.2943,-0.0994,969.3052,,,,
0.2857,-0.9461,-2.1472,1.1658,,,,
0.2191,-1.3792,-2.1999,1.9085,,,,
0.8365,-0.2423,-2.4601,-0.2176,,,,
1.2601,-1.2085,-1.8171,-249.8606,,,,
0.9041,-0.0123,-1.3709,0,,,,
1.307,-0.4837,-0.8156,19.9201,,,,
0.9862,-0.5037,-2.1292,-6.5637,,,,
0.9831,-1.4131,-2.0022,-109.2854,,,,
0.754,-0.4661,-2.1201,-0.1053,,,,
0.75,-0.2058,-1.146,0.1095,,,,
0.889,-1.5688,-0.3806,691.9803,,,,
0.0218,-1.4754,-2.4719,0.0003,,,,
1.4574,-0.8746,-1.4189,-148.5064,,,,
1.0471,-0.3536,-2.8504,-4.0431,,,,
1.0207,-0.5377,-1.2907,5.5797,,,,
0.5501,-0.1108,-0.0862,0.0041,,,,
0.6986,-0.7189,-0.304,17.7523,,,,
0.141,-0.1774,-3.0656,0.0001,,,,
1.4569,-0.0241,-0.2698,0.0004,,,,
0.8899,-0.1865,-1.4121,0.0687,,,,
0.0402,-0.2889,-0.6408,0,,,,
1.4431,-0.8078,-0.4453,321.3859,,,,
1.1308,-1.5152,-0.4117,1150.0636,,,,
0.7872,-1.2481,-2.5008,-36.7733,,,,
0.5882,-1.3849,-0.9136,86.03,,,,
0.1152,-0.4648,-1.1223,0.0024,,,,
0.4898,-0.9993,-0.2463,16.3418,,,,
0.6092,-1.0549,-0.9404,35.8441,,,,
0.6975,-1.3347,-1.0986,105.452,,,,
0.6157,-0.3888,-0.9543,0.7982,,,,
0.2122,-1.2377,-1.4531,1.2828,,,,
0.7147,-1.452,-0.3688,265.9161,,,,
1.1826,-0.5859,-1.4046,-4.4307,,,,
0.6832,-0.2872,-0.4418,0.4207,,,,
0.9787,-0.5766,-0.2604,27.6975,,,,
0.0752,-1.5344,-1.6821,0.0521,,,,
0.3525,-0.8188,-2.4109,1.1719,,,,
0.952,-0.2653,-2.9423,-0.9665,,,,
0.8501,-0.0611,-0.8326,0.0017,,,,
0.8602,-0.9825,-1.1623,56.2042,,,,
1.0937,-0.5139,-2.9594,-15.8095,,,,
1.1081,-0.7427,-2.2716,-50.7233,,,,
1.438,-0.4205,-0.4114,30.6621,,,,
1.352,-0.1389,-1.3121,-0.0734,,,,
1.4365,-0.9942,-1.4739,-207.321,,,,
0.6542,-0.6486,-1.1044,6.604,,,,
0.1489,-0.4372,-2.9363,0.0048,,,,
0.7054,-0.4434,-0.5041,2.6252,,,,
1.407,-1.4375,-2.1739,-505.975,,,,
0.1769,-0.0624,-1.1769,0,,,,
1.0181,-0.1788,-2.6964,-0.28,,,,
0.4923,-0.3658,-0.1632,0.3128,,,,
0.1858,-1.1906,-1.2406,0.6764,,,,
0.4062,-0.0133,-2.89,0,,,,
0.9279,-0.9303,-0.6003,114.4283,,,,
0.3539,-0.5494,-0.6273,0.4137,,,,
0.2304,-0.899,-2.275,0.4426,,,,
0.1336,-1.3754,-2.6612,0.2954,,,,
1.0311,-0.7925,-1.6397,-9.2853,,,,
0.8518,-1.5422,-3.0556,-140.5577,,,,
1.218,-0.7566,-1.7082,-53.217,,,,
0.3191,-1.563,-2.594,8.0082,,,,
0.3663,-0.6828,-0.8811,1.0837,,,,
0.5235,-1.2643,-0.1152,53.2509,,,,
0.2306,-0.7287,-3.0007,0.1692,,,,
0.5121,-0.2874,-0.4994,0.1355,,,,
1.2226,-1.0593,-0.6001,390.2146,,,,
0.2279,-0.139,-0.9934,0.0003,,,,
0.1131,-0.9147,-1.1425,0.0338,,,,
0.7834,-0.9282,-1.9851,0.746,,,,
0.8355,-0.2349,-0.7273,0.3607,,,,
1.4022,-0.9148,-0.156,584.7786,,,,
1.4697,-0.1661,-1.796,-0.8697,,,,
1.4647,-0.1865,-1.4617,-0.8456,,,,
0.0261,-1.131,-3.0937,0.0002,,,,
1.2762,-0.4583,-1.4678,-7.9951,,,,
0.6118,-0.4749,-2.4394,0.1418,,,,
0.0371,-0.9728,-2.6087,0.0005,,,,
0.3455,-0.7979,-1.2522,1.4952,,,,
0.7493,-0.5449,-1.5234,2.9968,,,,
0.0597,-0.4187,-1.9711,0.0001,,,,
1.4788,-1.2886,-0.4037,1362.7232,,,,
0.3801,-1.0237,-2.1216,3.8102,,,,
1.2963,-0.6511,-3.0126,-37.8234,,,,
0.0093,-1.4778,-2.0478,0,,,,
1.0539,-1.3661,-2.1546,-183.56,,,,
0.3561,-0.6229,-0.6694,0.6945,,,,
0.4705,-0.112,-0.0435,0.0023,,,,
0.7792,-0.9569,-1.6721,15.1809,,,,
0.5033,-0.9576,-2.9405,0.8863,,,,
0.5436,-0.1137,-1.051,0.0037,,,,
0.8308,-0.693,-1.2109,14.4197,,,,
1.5378,-1.0144,-1.6352,-357.1237,,,,
0.5284,-1.0965,-0.7948,27.2666,,,,
0.9312,-0.2065,-0.1989,0.4004,,,,
1.4554,-1.2566,-2.8896,-162.9825,,,,
0.0162,-0.3307,-1.4179,0,,,,
0.0378,-1.0945,-0.4906,0.0009,,,,
0.1753,-1.4813,-0.3504,1.3427,,,,
1.2356,-0.3892,-0.3644,13.7536,,,,
0.9162,-1.021,-0.9884,96.0662,,,,
1.1608,-0.0555,-0.8642,0.0028,,,,
0.6426,-0.3006,-1.4426,0.2429,,,,
0.902,-0.5199,-0.2132,13.6796,,,,
1.0609,-0.3259,-2.2845,-2.6379,,,,
1.5208,-0.3617,-0.4833,18.9101,,,,
0.8537,-0.0337,-2.0814,0,,,,
0.8985,-0.7924,-0.8442,45.9504,,,,
0.1726,-1.4232,-0.7577,1.0599,,,,
0.6959,-0.6881,-2.7038,-3.084,,,,
0.747,-0.279,-0.0162,0.5622,,,,
0.9124,-1.0828,-2.5733,-65.7875,,,,
0.2623,-0.5919,-0.0032,0.1737,,,,
1.0987,-0.9373,-1.1459,60.4136,,,,
0.7835,-1.3761,-0.0935,329.3328,,,,
0.4624,-0.6189,-0.864,1.7916,,,,
1.0989,-1.1326,-2.3793,-159.0532,,,,
1.1775,-0.3957,-0.5576,10.5678,,,,
0.7944,-0.8055,-2.1512,-4.131,,,,
1.0415,-0.7791,-0.5906,88.2589,,,,
0.8561,-1.1718,-0.2755,242.1998,,,,
0.8924,-1.1344,-0.6898,186.1446,,,,
1.3893,-0.8238,-2.6283,-118.2209,,,,
0.6687,-0.0954,-2.4301,-0.0003,,,,
0.5334,-1.5685,-1.2176,78.4666,,,,
1.1068,-1.5268,-2.483,-316.2223,,,,
0.7075,-0.4642,-1.8933,0.6983,,,,
0.4875,-0.9454,-0.3861,12.6984,,,,
0.4661,-0.8063,-0.0811,5.8361,,,,
0.6117,-0.8598,-2.1385,4.0928,,,,
0.5817,-0.8265,-1.6833,7.1087,,,,
1.4142,-0.9221,-0.9541,95.9131,,,,
0.3719,-0.1285,-0.068,0.0016,,,,
0.6972,-0.8225,-0.1162,30.5503,,,,
1.2049,-0.4346,-0.0792,21.4325,,,,
1.4032,-1.1547,-1.5389,-279.9412,,,,
0.5035,-0.6341,-0.4403,2.9705,,,,
1.2161,-0.4226,-0.3051,18.5098,,,,
0.7575,-1.493,-0.8011,256.0191,,,,
0.0058,-0.1756,-2.1014,0,,,,
0.7088,-1.4445,-0.0624,274.4675,,,,
1.2227,-0.7382,-1.3946,-15.6924,,,,
0.2956,-0.8654,-3.0495,0.6597,,,,
1.4606,-0.0229,-0.461,0.0003,,,,
1.3757,-0.8337,-2.1851,-160.9629,,,,
0.7789,-0.8948,-0.4455,59.3948,,,,
0.7988,-1.1058,-2.4337,-26.3801,,,,
1.2708,-0.9823,-0.9385,143.851,,,,
0.2495,-0.163,-2.8886,0.0006,,,,
0.6511,-0.4689,-0.2533,2.5265,,,,
0.327,-0.3707,-1.4367,0.0571,,,,
1.1972,-1.2105,-2.4389,-249.7189,,,,
1.0922,-1.4511,-0.5598,782.5333,,,,
0.7966,-1.0965,-3.0006,-42.2801,,,,
0.6619,-1.4827,-0.9435,150.4756,,,,
0.8898,-0.685,-0.1244,38.5732,,,,
0.3645,-0.6431,-1.181,0.7952,,,,
0.2398,-0.7882,-2.9475,0.2627,,,,
0.9779,-0.1397,-2.4373,-0.0729,,,,
1.0449,-1.2998,-3.1119,-172.6852,,,,
1.1992,-0.7179,-1.8609,-51.2834,,,,
0.4447,-1.0512,-2.1774,5.9125,,,,
0.6063,-1.0147,-0.8544,32.1292,,,,
1.1688,-0.9333,-0.3294,307.0265,,,,
1.0487,-1.3954,-1.4653,14.4501,,,,
0.7252,-1.1011,-0.306,104.6397,,,,
0.6548,-0.2179,-0.9766,0.0988,,,,
0.8888,-0.2744,-1.3238,0.3904,,,,
1.3821,-0.4995,-2.3384,-35.8217,,,,
1.0647,-0.4266,-2.8677,-8.1341,,,,
0.5307,-1.3876,-1.3764,45.3577,,,,
1.3354,-1.1364,-0.0676,1039.1687,,,,
0.4648,-0.9918,-1.2059,10.0565,,,,
0.2356,-0.0549,-1.2971,0,,,,
1.1601,-1.1589,-2.026,-181.7557,,,,
0.207,-0.4248,-3.0857,0.014,,,,
0.8175,-0.2976,-0.65,0.8903,,,,
0.5807,-0.458,-2.6536,0.0381,,,,
0.0486,-0.6504,-0.4106,0.0003,,,,
1.1164,-0.0509,-1.2017,0.0007,,,,
0.9121,-0.2268,-0.1915,0.5365,,,,
0.9206,-0.0134,-2.1511,0,,,,
0.1184,-1.3657,-2.2828,0.1885,,,,
0.4343,-0.4155,-1.0444,0.2811,,,,
1.4245,-0.2719,-2.2644,-5.2741,,,,
0.7367,-0.0169,-2.9613,0,,,,
0.8959,-0.6589,-0.495,30.1657,,,,
0.1264,-0.8024,-2.0036,0.0302,,,,
0.2523,-1.2406,-2.3657,1.992,,,,
0.4451,-0.7653,-0.3547,3.8925,,,,
0.7005,-0.4138,-2.4875,-0.3056,,,,
1.4924,-0.953,-0.7919,232.7139,,,,
1.1007,-0.9184,-1.2915,25.8138,,,,
1.2188,-0.8237,-1.0945,43.7399,,,,
0.4411,-0.1059,-0.1277,0.0014,,,,
1.1832,-1.3071,-2.029,-259.9214,,,,
0.7471,-0.0831,-0.2962,0.0043,,,,
0.3386,-0.2923,-1.5577,0.0246,,,,
0.2,-0.5219,-1.602,0.0334,,,,
1.0441,-1.4631,-0.5078,772.6413,,,,
1.0763,-0.6179,-2.867,-27.2892,,,,
0.6162,-0.5102,-0.57,2.6772,,,,
0.5043,-0.0258,-2.2842,0,,,,
0.8138,-0.4253,-1.3504,1.7892,,,,
0.9405,-1.4397,-2.5323,-153.4273,,,,
0.3706,-0.7482,-0.963,1.6022,,,,
0.257,-0.3705,-3.0424,0.017,,,,
1.0852,-1.3224,-2.1775,-199.3541,,,,
1.4625,-0.9201,-2.075,-251.8208,,,,
1.1179,-1.0682,-2.905,-135.914,,,,
1.0367,-0.4885,-1.6582,-2.2768,,,,
0.726,-1.2893,-1.7206,35.8987,,,,
0.37,-1.4545,-0.8051,21.5744,,,,
0.6996,-0.7066,-1.8385,3.8278,,,,
0.1649,-0.1616,-2.8237,0.0001,,,,
1.4673,-0.5118,-2.1446,-49.6864,,,,
0.4442,-1.4016,-0.8415,36.0722,,,,
1.0372,-0.7929,-3.0558,-47.9946,,,,
1.4054,-0.2579,-2.7875,-2.7414,,,,
0.4958,-0.6104,-3.0052,0.1584,,,,
0.3856,-0.7574,-2.1374,1.2965,,,,
1.3379,-1.4602,-0.2646,1789.5718,,,,
0.1374,-0.7478,-2.6204,0.0305,,,,
1.3454,-1.4799,-0.0644,2141.8111,,,,
0.3969,-0.0265,-2.783,0,,,,
1.2481,-0.462,-2.1001,-18.7967,,,,
0.6305,-1.0138,-2.9747,-7.0561,,,,
0.8672,-0.4849,-2.0091,-1.2653,,,,
1.3641,-0.2844,-0.2535,6.2143,,,,
1.4067,-0.3135,-0.5779,7.3905,,,,
0.6516,-0.0361,-0.625,0.0001,,,,
0.854,-0.5724,-2.0136,-1.8718,,,,
1.201,-1.2711,-1.5541,-128.6749,,,,
1.5436,-0.0751,-2.2524,-0.05,,,,
1.4597,-1.4331,-1.9076,-558.8609,,,,
1.3384,-0.8497,-2.0355,-155.094,,,,
0.6112,-1.0825,-3.0033,-6.7686,,,,
0.417,-1.1615,-1.8208,9.2329,,,,
0.1041,-0.5765,-1.7858,0.0038,,,,
0.6872,-1.1713,-3.029,-22.273,,,,
1.3886,-1.4834,-2.1711,-513.2597,,,,
1.0241,-1.261,-1.4614,23.2814,,,,
0.5446,-1.108,-1.7638,15.8537,,,,
1.4432,-0.9389,-0.3034,625.4714,,,,
1.4778,-0.0321,-1.4285,-0.0008,,,,
1.5393,-0.495,-0.083,90.7162,,,,
0.4589,-1.3295,-1.0216,30.9145,,,,
0.5567,-1.4633,-2.6559,4.8902,,,,
1.5644,-0.4628,-0.3663,61.9342,,,,
1.3987,-0.2437,-2.4689,-3.0836,,,,
0.1653,-0.9417,-2.2135,0.1574,,,,
0.3253,-0.1036,-2.6588,0.0003,,,,
0.0016,-1.2364,-1.8638,0,,,,
0.0445,-0.3032,-1.7464,0,,,,
1.4597,-1.3924,-2.319,-464.2835,,,,
0.3895,-0.8502,-1.6425,2.5908,,,,
1.0633,-1.4429,-2.4382,-246.5798,,,,
0.2802,-0.4335,-0.9865,0.0623,,,,
0.2888,-0.2807,-2.1682,0.0104,,,,
0.8319,-0.0674,-2.603,-0.0017,,,,
0.5834,-0.4507,-3.1232,-0.2901,,,,
1.259,-1.5617,-2.1406,-450.7876,,,,
1.2047,-0.3923,-1.9275,-7.7946,,,,
1.3502,-0.2868,-2.5343,-4.8561,,,,
1.3725,-0.7223,-0.2636,223.6776,,,,
1.2702,-0.6817,-0.5515,105.5149,,,,
1.0817,-1.3734,-2.2509,-222.3154,,,,
1.1575,-0.5772,-0.2773,51.9935,,,,
0.3471,-1.022,-0.5136,4.5274,,,,
0.6929,-1.2783,-0.7297,124.3805,,,,
0.9948,-1.2839,-2.4442,-144.788,,,,
0.5418,-0.6567,-2.8142,0.165,,,,
0.0303,-1.0662,-0.4523,0.0003,,,,
1.1681,-0.7622,-0.244,155.477,,,,
0.4594,-0.489,-3.0746,0.1035,,,,
0.8221,-1.2056,-1.5518,42.136,,,,
0.1575,-0.6358,-0.3725,0.0301,,,,
0.262,-0.5006,-1.8013,0.0774,,,,
1.3089,-0.8178,-1.0544,43.9354,,,,
0.2476,-1.5256,-0.3867,5.8971,,,,
1.0059,-0.1602,-1.6199,-0.0115,,,,
1.2053,-0.6953,-0.3974,112.38,,,,
0.4773,-1.1594,-0.5044,25.3033,,,,
0.5817,-1.1259,-1.6796,20.9028,,,,
1.0808,-0.4298,-2.4452,-8.4666,,,,
0.0146,-0.8665,-1.3625,0,,,,
0.3993,-0.0982,-0.6008,0.0007,,,,
1.3397,-0.3509,-0.6505,8.8103,,,,
0.1625,-1.015,-0.8235,0.2175,,,,
0.2066,-0.5739,-0.4379,0.0588,,,,
0.0212,-1.267,-1.6924,0.0002,,,,
0.9599,-0.9008,-0.6679,106.6534,,,,
1.4335,-0.3005,-2.5845,-6.1236,,,,
0.2153,-0.1507,-1.933,0.0003,,,,
1.5352,-1.0624,-1.2057,-175.6903,,,,
0.226,-0.272,-2.8353,0.0034,,,,
0.0971,-0.4747,-1.9859,0.0013,,,,
0.5585,-0.6158,-1.7567,2.0459,,,,
1.5103,-0.8564,-2.9369,-44.8443,,,,
1.4318,-1.2733,-2.5825,-317.5264,,,,
0.3969,-1.2684,-2.84,4.9425,,,,
0.0052,-0.0258,-2.5722,0,,,,
0.502,-0.7666,-3.0032,0.2874,,,,
0.9697,-0.8841,-1.9265,-23.5496,,,,
1.4016,-0.9097,-1.4938,-149.1998,,,,
0.158,-0.6527,-1.7774,0.0322,,,,
1.2958,-0.3702,-2.4837,-10.6252,,,,
1.4037,-0.0723,-0.4705,0.0251,,,,
1.5515,-1.0412,-1.0215,-10.0796,,,,
1.5595,-0.3853,-0.0924,36.3764,,,,
0.3453,-1.483,-0.651,18.5509,,,,
0.3612,-1.0136,-3.0388,1.7376,,,,
0.2591,-1.5364,-1.4974,6.0826,,,,
0.1154,-1.4867,-2.4352,0.2352,,,,
1.27,-1.0146,-0.1754,591.3222,,,,
0.4711,-1.3008,-1.447,24.6843,,,,
0.0961,-0.8805,-2.116,0.0149,,,,
1.2223,-0.0875,-0.068,0.039,,,,
0.8463,-1.042,-1.0482,78.9961,,,,
1.0187,-0.1814,-2.8318,-0.3088,,,,
0.3534,-1.2227,-2.519,4.6654,,,,
0.3225,-0.28,-1.0372,0.0187,,,,
0.0976,-0.3906,-3.1129,0.0006,,,,
0.8437,-1.218,-2.5061,-55.3381,,,,
0.5161,-0.5635,-3.0843,-0.0354,,,,
0.3313,-0.3157,-2.4499,0.0241,,,,
0.1221,-0.1216,-1.3772,0,,,,
0.5744,-0.6886,-1.4055,4.4934,,,,
1.4501,-0.5205,-0.0625,87.9374,,,,
0.988,-0.1043,-1.6827,-0.0031,,,,
0.0307,-0.3016,-0.2363,0,,,,
0.2609,-0.0865,-1.6749,0.0001,,,,
1.0107,-0.8061,-1.2493,27.0467,,,,
0.9781,-1.1191,-1.4895,22.5603,,,,
0.2483,-0.5031,-0.0103,0.0729,,,,
1.2406,-1.5471,-0.5319,1188.4567,,,,
0.3243,-0.6672,-2.9871,0.3255,,,,
0.0398,-0.8838,-0.3292,0.0005,,,,
0.5215,-0.0193,-1.9773,0,,,,
1.3166,-0.1855,-1.4264,-0.3075,,,,
0.4964,-0.4449,-1.1897,0.5747,,,,
0.3223,-0.3194,-2.7655,0.0206,,,,
1.3522,-0.0007,-2.6921,0,,,,
0.1911,-0.2047,-1.3446,0.0007,,,,
0.2076,-0.2371,-0.8174,0.0017,,,,
1.3129,-0.1114,-2.7185,-0.1182,,,,
0.4038,-0.3333,-0.154,0.0979,,,,
1.3618,-0.5967,-2.5984,-49.576,,,,
0.8142,-0.8525,-0.5058,56.5099,,,,
1.154,-1.3696,-1.9612,-242.9076,,,,
1.4683,-0.3789,-3.064,-3.1759,,,,
0.3455,-0.9684,-2.2125,2.2629,,,,
0.1981,-1.3014,-1.53,1.1901,,,,
0.9776,-0.1156,-2.4128,-0.0338,,,,
0.9131,-0.3561,-0.0968,3.2802,,,,
0.0972,-0.1802,-0.5994,0,,,,
1.2286,-0.5726,-1.1094,11.668,,,,
0.3865,-1.5349,-1.4842,23.6098,,,,
1.3803,-0.9629,-0.2154,636.7044,,,,
1.2163,-0.234,-2.7114,-1.6102,,,,
1.096,-1.5238,-2.0819,-260.4513,,,,
0.6146,-1.443,-0.6062,138.0032,,,,
1.1421,-0.333,-0.5286,4.9793,,,,
0.6581,-0.9241,-0.4602,35.8526,,,,
0.8086,-0.951,-3.0672,-31.1701,,,,
1.1547,-0.4362,-2.0024,-9.4747,,,,
0.4864,-0.9594,-2.5976,2.8662,,,,
1.0898,-1.5103,-2.0497,-242.8079,,,,
1.4029,-1.2164,-2.1184,-402.1349,,,,
0.2593,-0.0574,-2.1881,0,,,,
0.5401,-0.5545,-1.6872,1.3447,,,,
0.3295,-0.3607,-2.6158,0.0377,,,,
0.5546,-1.3413,-0.2204,82.2744,,,,
1.5454,-0.614,-1.7179,-104.6102,,,,
0.5747,-0.0661,-0.9731,0.0005,,,,
0.8843,-0.2287,-0.7011,0.4033,,,,
0.4373,-1.1815,-2.5165,6.1389,,,,
1.1325,-1.3707,-0.1313,1094.7175,,,,
0.1502,-1.0583,-0.1632,0.1904,,,,
1.2857,-0.4811,-3.122,-13.1482,,,,
1.0494,-0.2796,-2.3386,-1.4708,,,,
0.499,-0.2907,-2.7497,0.0248,,,,
1.3775,-1.2705,-1.4049,-226.0007,,,,
0.7801,-0.228,-2.021,-0.0017,,,,
0.6711,-0.5285,-0.7473,3.983,,,,
0.9453,-1.4403,-0.3668,644.0123,,,,
1.4349,-0.4654,-1.131,-2.4293,,,,
0.9123,-0.5785,-1.4965,3.7773,,,,
1.4573,-1.5698,-1.719,-553.2475,,,,
1.192,-1.4504,-1.1406,156.5649,,,,
1.2786,-1.3551,-1.0837,144.0953,,,,
1.2273,-0.8246,-1.7145,-72.6115,,,,
0.1436,-0.4752,-2.4037,0.0061,,,,
1.3196,-1.5338,-2.116,-490.4193,,,,
0.0653,-1.0475,-3.0173,0.0063,,,,
0.2396,-0.0818,-1.4698,0,,,,
0.5817,-1.1126,-2.8342,-1.9758,,,,
0.0946,-1.4681,-2.7223,0.1029,,,,
1.4722,-1.318,-2.4525,-383.048,,,,
0.5738,-1.3215,-0.5399,81.205,,,,
1.2894,-0.6531,-2.4226,-63.3466,,,,
0.1736,-1.4378,-2.3104,0.9571,,,,
1.2851,-0.8895,-1.2877,-20.9058,,,,
0.3235,-1.3951,-0.4061,11.7911,,,,
1.0225,-0.5582,-0.0074,30.1443,,,,
0.4083,-0.4508,-0.2367,0.3405,,,,
1.0104,-0.3035,-2.6466,-1.9252,,,,
0.6855,-1.2883,-2.2039,4.7195,,,,
1.1092,-1.3369,-0.2136,916.8739,,,,
0.9706,-1.0303,-2.5895,-77.9874,,,,
1.0633,-1.5191,-2.3227,-263.1632,,,,
0.5371,-1.1306,-2.5615,4.367,,,,
1.4984,-1.5464,-2.3132,-484.5032,,,,
0.8034,-0.0876,-0.3197,0.0071,,,,
0.8553,-0.3575,-1.7042,0.2677,,,,
0.7961,-0.6163,-0.6277,14.21,,,,
0.3308,-0.6791,-2.1399,0.5352,,,,
0.7336,-1.5612,-2.4681,-34.2479,,,,
1.4116,-0.87,-0.8206,159.243,,,,
0.8357,-0.4051,-1.2706,1.7749,,,,
1.0234,-0.635,-2.783,-24.9863,,,,
0.785,-0.2561,-2.5883,-0.1989,,,,
0.6726,-0.1512,-0.8278,0.0272,,,,
0.9769,-0.0441,-1.948,-0.0003,,,,
1.3717,-0.878,-2.0219,-184.5751,,,,
0.2986,-0.1264,-2.0225,0.0005,,,,
1.0873,-1.5655,-0.318,1259.3183,,,,
0.0555,-1.2531,-1.4372,0.007,,,,
1.4074,-1.378,-0.4043,1436.6665,,,,
0.7496,-0.3453,-0.9437,0.9929,,,,
1.4446,-0.6823,-1.0346,13.7532,,,,
0.804,-1.5277,-2.2221,-40.7125,,,,
0.8552,-0.8738,-1.1182,40.1252,,,,
0.181,-0.0501,-2.167,0,,,,
1.4799,-0.115,-0.0214,0.2503,,,,
0.0353,-1.2953,-0.5025,0.0013,,,,
1.2569,-0.6021,-2.4689,-45.5161,,,,
1.1772,-0.5652,-1.7379,-17.6848,,,,
0.6035,-0.8001,-1.3571,9.4008,,,,
1.3697,-0.5979,-0.1654,116.5778,,,,
1.1735,-0.4886,-2.5813,-18.5666,,,,
1.2558,-0.4027,-3.013,-8.9813,,,,
1.3541,-0.4195,-1.3642,-6.7712,,,,
1.0408,-0.2958,-2.4023,-1.8068,,,,
0.8994,-0.0204,-2.0527,0,,,,
0.2399,-0.2051,-1.0557,0.0017,,,,
0.5909,-1.1151,-2.0056,12.9727,,,,
0.4539,-0.3391,-2.2298,0.0856,,,,
1.0896,-1.2672,-0.4085,633.9878,,,,
0.376,-0.2189,-0.5205,0.0135,,,,
0.2824,-1.1284,-2.0552,2.2343,,,,
1.2461,-1.0126,-1.9264,-171.5884,,,,
1.1818,-1.0959,-1.2704,24.5226,,,,
1.2108,-0.6479,-2.8367,-43.0021,,,,
0.8464,-1.003,-0.7295,99.8573,,,,
0.3279,-0.3551,-2.1475,0.0411,,,,
0.8638,-0.3402,-1.9804,-0.2769,,,,
0.4826,-0.7786,-2.0506,2.6941,,,,
1.5574,-0.808,-0.7343,185.6212,,,,
1.1099,-0.7903,-2.0341,-52.2928,,,,
1.1519,-1.456,-1.9611,-271.0132,,,,
1.3042,-1.2827,-0.1873,1313.0183,,,,
1.4277,-1.1814,-1.5209,-311.3075,,,,
1.1513,-1.4703,-2.4417,-330.3884,,,,
0.2331,-1.2263,-0.2515,1.9692,,,,
0.6205,-0.97,-2.6527,-1.6058,,,,
0.0893,-0.0518,-1.4467,0,,,,
1.3816,-1.4134,-1.1081,37.1285,,,,
0.5263,-0.3664,-2.0644,0.1824,,,,
1.5222,-0.6841,-3.0582,-5.2461,,,,
0.286,-0.5668,-0.3719,0.2048,,,,
0.653,-0.4864,-2.9913,-0.8725,,,,
0.8121,-1.085,-2.8353,-41.7673,,,,
0.2133,-0.0805,-2.164,0,,,,
0.91,-0.0759,-2.1956,-0.0028,,,,
0.9326,-1.3702,-0.5271,460.7547,,,,
0.1049,-1.3131,-0.8397,0.1066,,,,
0.8044,-0.634,-1.1228,10.8623,,,,
0.4966,-0.0168,-2.6606,0,,,,
0.0074,-0.084,-2.7523,0,,,,
0.9337,-1.1527,-3.0676,-95.6421,,,,
0.2468,-0.2715,-0.5022,0.006,,,,
1.1772,-0.7602,-0.1009,166.0681,,,,
0.0042,-0.4857,-2.7473,0,,,,
1.2203,-0.9179,-2.2386,-136.9901,,,,
1.3562,-0.2076,-2.6861,-1.3787,,,,
0.1763,-1.2394,-2.7218,0.5399,,,,
0.2349,-0.0939,-2.6523,0.0001,,,,
0.9413,-1.1946,-2.0005,-51.3767,,,,
0.0132,-1.0167,-1.566,0,,,,
0.592,-1.4774,-3.0321,-12.7748,,,,
0.0657,-0.4515,-2.7976,0.0002,,,,
1.0825,-0.0967,-0.5245,0.0303,,,,
0.4505,-0.9552,-2.2545,4.0551,,,,
0.6172,-1.1944,-1.8225,22.6291,,,,
1.5046,-1.2321,-2.1565,-456.2687,,,,
0.4023,-1.4084,-2.3965,10.7729,,,,
0.7677,-1.2626,-0.9292,135.5106,,,,
1.428,-0.1335,-0.9145,0.102,,,,
0.4239,-1.3123,-2.5121,8.3683,,,,
1.1159,-0.5892,-0.5746,39.8787,,,,
0.9248,-1.4882,-3.0284,-173.3858,,,,
0.7478,-1.4198,-1.2043,130.4021,,,,
0.8378,-0.8575,-3.0708,-27.2934,,,,
0.8614,-0.3032,-1.4599,0.406,,,,
0.8328,-0.8738,-2.6552,-22.7987,,,,
1.2463,-0.8188,-0.9903,68.0187,,,,
0.7657,-1.323,-1.5794,53.9071,,,,
0.6517,-0.252,-0.8642,0.1824,,,,
0.5008,-1.3871,-1.0627,47.1809,,,,
1.0523,-0.514,-2.1101,-10.5568,,,,
0.7092,-1.1358,-0.928,75.8437,,,,
0.7698,-1.3341,-0.1354,274.759,,,,
0.3572,-0.429,-1.105,0.1507,,,,
0.584,-1.0142,-2.9544,-2.881,,,,
0.9258,-1.1378,-2.6149,-82.4808,,,,
1.2681,-1.1488,-2.6496,-232.8587,,,,
0.3359,-0.8242,-1.4497,1.4597,,,,
0.5818,-0.9296,-1.9638,7.5132,,,,
0.5531,-0.8796,-0.0558,16.1347,,,,
1.1017,-0.944,-1.4427,-3.258,,,,
0.8999,-1.3453,-0.86,266.3651,,,,
0.7859,-0.994,-1.676,16.6757,,,,
0.27,-0.4372,-2.9288,0.0393,,,,
0.5868,-0.0161,-0.088,0,,,,
1.3382,-1.5248,-2.8222,-317.6827,,,,
0.8466,-1.0738,-1.9233,-5.504,,,,
0.9252,-0.1682,-1.7465,-0.0077,,,,
0.1088,-1.0312,-0.3813,0.0474,,,,
0.1236,-0.0531,-2.9469,0,,,,
0.0785,-0.2153,-1.0165,0,,,,
1.5596,-0.6685,-2.3088,-107.5778,,,,
0.3484,-0.4844,-0.8874,0.229,,,,
0.9081,-1.2678,-0.1005,414.4915,,,,
1.2044,-0.147,-2.5137,-0.2732,,,,
0.6869,-1.2882,-0.4039,148.4249,,,,
0.315,-0.1313,-0.8709,0.0008,,,,
0.8475,-1.5483,-2.1618,-59.2823,,,,
0.5051,-0.0287,-1.8515,0,,,,
1.483,-0.411,-0.6926,19.0009,,,,
0.0041,-1.3139,-0.5499,0,,,,
0.1247,-1.1968,-2.7836,0.1321,,,,
1.2817,-0.447,-1.1361,3.0777,,,,
1.3583,-0.3026,-2.7155,-5.1327,,,,
1.2534,-1.5448,-1.36,-101.9255,,,,
0.8796,-0.1356,-2.8832,-0.0479,,,,
0.1837,-0.8442,-1.1858,0.1668,,,,
0.6261,-1.0495,-0.732,43.317,,,,
0.3771,-0.8871,-1.9416,2.4118,,,,
1.103,-1.3494,-1.8068,-148.7755,,,,
1.2021,-1.1955,-2.9971,-183.4165,,,,
0.6124,-0.3472,-0.6102,0.5635,,,,
0.895,-1.4902,-2.7892,-148.3969,,,,
1.3409,-0.0788,-1.1016,0.0035,,,,
0.4546,-0.0636,-0.5587,0.0002,,,,
0.9292,-0.5793,-2.825,-12.4647,,,,
0.0977,-0.5735,-2.7223,0.0028,,,,
0.7342,-0.4194,-1.737,0.7068,,,,
0.7262,-0.4025,-0.2532,2.1176,,,,
1.3008,-0.5539,-2.9211,-27.0072,,,,
1.0659,-1.509,-2.6265,-278.0509,,,,
0.4627,-0.1566,-2.1633,0.0044,,,,
1.4148,-1.3902,-1.9712,-509.3147,,,,
1.3165,-1.014,-1.9733,-223.0985,,,,
0.2613,-0.6172,-3.1127,0.1283,,,,
1.1154,-1.5074,-1.7123,-162.7212,,,,
0.4365,-0.0921,-2.8313,0.0003,,,,
0.0288,-1.3218,-0.0582,0.0006,,,,
1.5573,-0.9281,-0.1692,850.759,,,,
1.504,-0.5439,-3.0365,-6.9037,,,,
1.4139,-1.4329,-0.2362,1968.7979,,,,
0.3989,-0.0356,-1.3126,0,,,,
1.4518,-1.4304,-1.8238,-545.8231,,,,
0.8109,-0.991,-1.1772,50.5168,,,,
0.7854,-1.2641,-0.4132,220.8607,,,,
0.3636,-0.526,-0.254,0.397,,,,
0.242,-1.2943,-1.9889,2.2367,,,,
0.5664,-0.8917,-0.1997,18.5164,,,,
1.2081,-0.9593,-0.1888,410.2037,,,,
0.7017,-0.1414,-0.2382,0.0286,,,,
0.7249,-1.3723,-2.1553,0.9341,,,,
0.7683,-0.4756,-0.4583,4.8659,,,,
0.7458,-0.6614,-0.3884,16.1476,,,,
1.3974,-0.8506,-1.8798,-178.0029,,,,
1.2151,-1.5021,-0.173,1671.6466,,,,
0.1276,-0.3868,-2.2588,0.0017,,,,
0.1616,-0.2887,-1.3031,0.0014,,,,
1.0598,-0.8061,-0.2306,135.0684,,,,
0.4681,-0.8736,-0.5589,7.748,,,,
0.3669,-1.2965,-2.3345,7.0141,,,,
0.4235,-0.5517,-0.5147,0.8606,,,,
0.0501,-1.0102,-0.3633,0.002,,,,
0.6904,-0.1398,-0.8811,0.0213,,,,
0.5792,-1.5011,-2.5601,5.8066,,,,
1.2829,-1.2948,-0.2028,1275.5912,,,,
0.0626,-0.9973,-2.534,0.0045,,,,
0.6058,-0.757,-1.0732,9.4436,,,,
1.5695,-1.0608,-1.8672,-431.8106,,,,
0.3759,-1.0009,-2.0281,3.5769,,,,
0.1115,-0.1217,-0.3467,0,,,,
0.7589,-0.6666,-1.332,8.7135,,,,
0.767,-0.3273,-2.7731,-0.5383,,,,
0.5132,-1.1291,-2.2217,8.8957,,,,
0.7684,-0.1972,-0.5697,0.1425,,,,
0.8931,-0.9432,-1.675,6.297,,,,
0.5897,-0.7218,-1.4575,5.545,,,,
1.0809,-0.4813,-2.5541,-12.7473,,,,
0.2929,-1.1457,-2.3259,2.427,,,,
0.4208,-0.6294,-2.4068,0.6822,,,,
1.4358,-1.1156,-0.7382,422.0431,,,,
0.7476,-0.678,-2.0633,0.3994,,,,
0.3961,-1.101,-0.0265,10.5118,,,,
1.4391,-0.6787,-2.9457,-36.4549,,,,
0.7474,-1.5252,-1.0564,197.1094,,,,
0.1094,-1.0133,-0.7298,0.0449,,,,
0.7578,-0.2164,-1.2871,0.1193,,,,
0.2526,-0.6332,-1.4474,0.1795,,,,
1.3166,-0.2263,-2.4857,-1.9638,,,,
1.1934,-0.5531,-1.498,-8.7225,,,,
1.127,-1.0135,-2.4693,-134.0404,,,,
1.3065,-0.4042,-2.8892,-10.7014,,,,
1.0163,-0.3157,-2.2627,-1.7787,,,,
0.0403,-0.481,-1.4455,0,,,,
0.3591,-0.7531,-1.0039,1.4485,,,,
0.7145,-1.1064,-1.0933,60.4418,,,,
0.5385,-1.4508,-0.5312,91.4644,,,,
0.3701,-0.1337,-1.6383,0.0015,,,,
1.4287,-0.8989,-1.4342,-144.8246,,,,
1.4489,-0.0616,-1.1429,-0.0016,,,,
0.944,-0.0459,-2.6587,-0.0009,,,,
0.5485,-0.1479,-1.4676,0.009,,,,
0.528,-1.2322,-2.1502,13.355,,,,
1.0393,-0.6809,-1.0649,26.1484,,,,
0.5461,-0.6279,-2.1928,1.2549,,,,
0.0923,-0.8027,-2.8664,0.0086,,,,
0.2648,-0.9874,-0.0797,1.3864,,,,
0.1759,-0.2243,-2.5616,0.0007,,,,
0.046,-1.3749,-2.9888,0.0047,,,,
0.1015,-1.1897,-3.0081,0.0583,,,,
0.0806,-0.2627,-1.3358,0.0001,,,,
1.2337,-0.0607,-0.3903,0.0084,,,,
1.3565,-1.0604,-0.3161,753.7836,,,,
1.2317,-1.3304,-2.5994,-308.5305,,,,
1.0611,-0.7251,-2.2496,-37.5755,,,,
1.4663,-1.3722,-2.4293,-412.6288,,,,
0.3938,-0.5642,-1.7947,0.5238,,,,
0.4203,-0.0111,-0.5842,0,,,,
0.389,-0.6994,-1.3359,1.3499,,,,
1.4032,-0.4003,-1.1697,-1.7516,,,,
0.551,-1.1615,-1.6041,22.4101,,,,
0.3185,-0.7993,-0.3533,1.2361,,,,
1.4338,-0.1346,-3.0217,-0.1379,,,,
1.1976,-0.9447,-3.096,-94.5682,,,,
0.485,-1.3858,-2.2911,14.9015,,,,
0.095,-0.0902,-1.829,0,,,,
1.1389,-0.3336,-0.9666,2.6468,,,,
0.0716,-0.0344,-2.8977,0,,,,
0.1221,-1.0437,-0.4009,0.0788,,,,
0.3413,-1.2572,-1.295,8.0967,,,,
1.3464,-0.9746,-1.6397,-176.3015,,,,
0.308,-0.1692,-0.4756,0.0022,,,,
0.7969,-0.9269,-3.0919,-27.1919,,,,
1.3053,-0.4989,-2.6862,-25.2413,,,,
0.2375,-1.3634,-0.3694,3.2118,,,,
0.0006,-1.484,-2.3329,0,,,,
0.5669,-0.9972,-0.9964,22.2225,,,,
0.87,-0.4591,-0.3668,7.0088,,,,
0.0664,-0.4308,-1.8533,0.0002,,,,
1.5117,-0.4138,-1.9741,-29.0315,,,,
0.4152,-0.5725,-2.2133,0.5277,,,,
0.1149,-0.373,-0.1682,0.001,,,,
0.8685,-1.2156,-2.8272,-79.2317,,,,
1.4268,-0.7935,-2.9526,-56.3577,,,,
1.4318,-0.3831,-2.4891,-15.142,,,,
1.507,-0.9386,-0.5121,514.0502,,,,
0.0889,-0.2947,-2.4829,0.0001,,,,
0.0342,-1.1215,-2.364,0.0006,,,,
0.0245,-1.2294,-1.4037,0.0002,,,,
0.5005,-0.5936,-1.442,1.6303,,,,
0.22,-1.2581,-0.6231,1.704,,,,
1.1038,-0.3582,-2.4537,-5.0024,,,,
0.0624,-0.9505,-0.3095,0.0037,,,,
0.75,-1.1988,-1.4698,50.5645,,,,
0.3934,-0.256,-0.6629,0.0297,,,,
1.3934,-0.6288,-2.8134,-44.1285,,,,
0.913,-0.9052,-2.3672,-34.0445,,,,
1.2811,-1.4158,-2.7202,-331.5824,,,,
0.9024,-0.0628,-0.9466,0.002,,,,
0.305,-0.471,-2.36,0.0922,,,,
0.731,-1.2306,-2.3696,-12.5281,,,,
1.2931,-1.347,-1.1228,91.0038,,,,
0.9698,-1.2025,-2.9455,-121.9491,,,,
1.2467,-0.9986,-1.2875,-10.8143,,,,
1.5001,-0.0601,-0.4991,0.0145,,,,
0.7706,-0.6252,-3.0451,-6.6716,,,,
0.4397,-0.9682,-0.576,9.0751,,,,
0.1908,-0.6646,-0.2859,0.0773,,,,
0.3234,-1.2758,-0.5894,8.1412,,,,
1.5127,-1.0883,-2.7053,-174.1108,,,,
1.1887,-0.8403,-1.1883,27.6946,,,,
1.192,-0.3193,-0.7806,3.5654,,,,
0.5487,-0.4197,-3.1324,-0.1055,,,,
0.7324,-1.5292,-1.8694,35.2118,,,,
0.4722,-1.548,-0.586,70.9865,,,,
0.3115,-1.1052,-1.3435,3.5274,,,,
1.274,-0.749,-2.309,-92.3111,,,,
0.7601,-1.1125,-1.0327,77.3137,,,,
0.1105,-0.3189,-0.0504,0.0005,,,,
0.3546,-1.1189,-2.0035,4.5672,,,,
1.3421,-1.4589,-0.6284,949.6558,,,,
1.0309,-0.0675,-2.3126,-0.0051,,,,
0.7589,-0.3641,-1.0261,1.1974,,,,
1.4308,-1.0465,-2.9113,-119.7937,,,,
1.1733,-0.3193,-1.9306,-3.1613,,,,
1.3282,-1.0695,-2.9314,-149.0408,,,,
0.0268,-0.5651,-0.7739,0,,,,
0.9138,-1.5562,-2.4373,-149.9082,,,,
0.9768,-1.1314,-2.0896,-69.6138,,,,
1.1767,-0.7844,-0.4682,151.0088,,,,
0.2753,-0.7554,-0.9144,0.5331,,,,
0.1974,-0.6017,-0.6524,0.059,,,,
0.0695,-1.0634,-2.4313,0.0087,,,,
0.2116,-1.052,-0.6451,0.7183,,,,
1.093,-0.6754,-0.1581,79.6389,,,,
1.2381,-0.5286,-3.0977,-18.7526,,,,
0.6142,-0.6841,-0.3532,8.7973,,,,
0.9559,-0.8389,-0.9158,60.6933,,,,
1.1597,-0.4693,-0.7781,14.659,,,,
0.7952,-1.2004,-1.6508,31.6591,,,,
0.9255,-0.5441,-2.2957,-6.8935,,,,
0.0596,-1.0586,-1.277,0.0047,,,,
0.318,-0.167,-1.6335,0.0021,,,,
1.0853,-0.3488,-1.1772,1.6311,,,,
0.8645,-0.6529,-2.9203,-13.2614,,,,
0.9584,-0.246,-0.2563,0.8898,,,,
0.9212,-0.3344,-1.7522,-0.1052,,,,
0.5179,-0.5741,-0.034,2.3111,,,,
0.4292,-0.2632,-1.4775,0.0389,,,,
0.7219,-0.6443,-0.7794,10.9743,,,,
1.556,-1.5627,-1.1019,-148.9608,,,,
0.6846,-1.3539,-2.1363,10.0441,,,,
0.2014,-0.1477,-0.3863,0.0002,,,,
1.427,-0.5185,-0.0997,80.9342,,,,
1.4488,-1.3169,-1.8039,-492.421,,,,
0.6349,-0.6059,-1.8084,2.2739,,,,
0.2328,-0.5169,-1.0619,0.0605,,,,
0.337,-1.3928,-1.9313,8.8638,,,,
0.425,-0.7155,-3.0742,0.5173,,,,
0.1054,-1.4688,-0.2321,0.1712,,,,
0.1843,-0.9609,-1.4223,0.2774,,,,
0.6803,-1.3064,-1.1887,83.803,,,,
1.287,-1.381,-0.7497,612.8095,,,,
0.2333,-0.2354,-2.9027,0.0021,,,,
1.2651,-1.1433,-0.7999,338.4418,,,,
0.8618,-0.9011,-0.5528,82.4892,,,,
0.0318,-0.733,-2.069,0.0001,,,,
0.5226,-1.3354,-1.6852,29.3079,,,,
1.1726,-1.5687,-0.0692,1784.7613,,,,
0.8346,-0.0091,-1.5057,0,,,,
0.8621,-0.7691,-2.0768,-7.4965,,,,
0.1366,-1.0607,-2.2668,0.1211,,,,
0.7264,-0.3722,-0.5315,1.4563,,,,
0.0822,-0.7471,-0.1497,0.0043,,,,
0.1289,-0.1397,-1.3713,0,,,,
0.5485,-0.8054,-1.3136,7.4852,,,,
0.9192,-1.4094,-2.955,-149.2383,,,,
0.0887,-0.4186,-2.6584,0.0006,,,,
0.6655,-1.017,-1.5241,23.1066,,,,
0.8374,-0.2937,-0.1507,1.0769,,,,
0.7453,-0.0591,-0.9238,0.0009,,,,
1.0908,-0.64,-0.2609,62.2976,,,,
1.1071,-0.2135,-3.0056,-0.7843,,,,
1.4792,-0.21,-0.943,0.4676,,,,
1.09,-0.9371,-0.4656,221.8302,,,,
0.1531,-1.515,-1.1435,0.8282,,,,
0.6633,-1.3042,-2.3564,0.5524,,,,
1.0756,-1.4144,-2.9835,-231.8431,,,,
0.2363,-1.1827,-0.124,1.8059,,,,
0.0249,-0.7101,-2.8539,0,,,,
1.068,-1.17,-0.8232,266.2945,,,,
1.3668,-1.5595,-0.0794,2423.0952,,,,
1.1646,-0.8891,-0.9834,89.3241,,,,
0.932,-0.7414,-0.7543,44.1809,,,,
0.2629,-1.4634,-2.3859,4.0986,,,,
1.259,-0.8554,-2.0872,-125.0044,,,,
0.113,-0.2777,-2.2025,0.0003,,,,
1.4431,-1.4769,-0.1683,2290.5938,,,,
0.6198,-0.5142,-3.1127,-0.8155,,,,
1.2096,-1.5249,-3.0054,-287.8994,,,,
0.2551,-0.0939,-2.5421,0.0001,,,,
1.398,-0.003,-2.618,0,,,,
1.3827,-0.1893,-0.6381,0.8763,,,,
0.7214,-0.0737,-0.3427,0.0023,,,,
0.7832,-0.1217,-2.0562,-0.001,,,,
0.5844,-1.1693,-2.9386,-4.2356,,,,
0.4324,-1.0676,-2.0487,6.4898,,,,
1.5279,-0.6484,-2.8175,-34.387,,,,
0.3262,-0.8549,-2.9959,0.8192,,,,
0.2718,-0.6014,-0.5835,0.2099,,,,
1.5595,-1.0205,-1.2395,-208.9532,,,,
1.2621,-0.1184,-1.5954,-0.0627,,,,
0.2962,-0.6618,-2.8165,0.2688,,,,
0.6629,-1.2645,-1.4916,48.9939,,,,
0.3472,-1.4482,-1.3489,14.2774,,,,
1.0601,-1.278,-1.2179,113.2607,,,,
1.088,-1.5652,-1.5789,-79.3024,,,,
1.0781,-0.1222,-2.2604,-0.0667,,,,
0.1288,-1.417,-2.4749,0.2948,,,,
0.0993,-0.5285,-1.4091,0.0022,,,,
0.8932,-0.6926,-0.0979,40.9921,,,,
1.5471,-0.8519,-2.918,-33.9748,,,,
0.8992,-0.5354,-0.0576,15.4793,,,,
0.0801,-1.3361,-2.594,0.0374,,,,
1.1169,-0.0264,-0.0622,0.0002,,,,
1.3177,-0.3688,-1.77,-8.9843,,,,
1.444,-1.542,-0.4714,1519.0256,,,,
1.2523,-0.2585,-1.8666,-2.0068,,,,
0.4595,-1.4825,-0.2466,58.7721,,,,
0.3064,-1.2262,-2.058,3.9576,,,,
0.5781,-1.4045,-2.8472,-3.71,,,,
0.1278,-0.6674,-3.0477,0.0144,,,,
1.1243,-0.7208,-0.4763,94.8338,,,,
0.7972,-1.5261,-3.0138,-101.9977,,,,
1.0355,-1.5477,-1.9867,-180.5695,,,,
1.2539,-0.1488,-2.5948,-0.3332,,,,
0.9153,-0.8628,-0.018,104.9405,,,,
0.2688,-0.1368,-2.862,0.0004,,,,
1.0769,-1.0817,-2.9508,-126.4149,,,,
0.1224,-0.7577,-0.0042,0.0222,,,,
0.2825,-1.1129,-0.7484,2.769,,,,
0.7821,-0.2047,-1.1663,0.1188,,,,
1.2428,-0.6218,-0.7747,49.4485,,,,
0.3236,-0.9832,-1.1812,2.6783,,,,
0.8447,-0.0115,-0.2761,0,,,,
0.0355,-1.3889,-2.55,0.0018,,,,
0.8772,-1.495,-2.3019,-93.5073,,,,
1.3963,-0.7622,-1.7426,-123.2934,,,,
0.4816,-1.0537,-0.2013,18.8979,,,,
1.1375,-0.8879,-2.5693,-97.3506,,,,
1.0041,-1.3118,-0.0369,662.6738,,,,
0.8185,-0.1029,-1.4184,0.006,,,,
0.1299,-1.2628,-1.8971,0.203,,,,
1.4662,-0.15,-2.2366,-0.6395,,,,
0.6456,-0.0988,-2.0209,0.0013,,,,
0.7708,-0.9095,-1.8727,5.5786,,,,
0.1643,-0.9135,-1.5858,0.1438,,,,
0.168,-0.2784,-0.6625,0.0014,,,,
1.4773,-0.4485,-0.2562,49.394,,,,
0.2901,-0.3836,-2.9465,0.0291,,,,
0.1522,-0.4769,-0.8701,0.0082,,,,
0.1853,-1.1143,-0.9875,0.5253,,,,
1.1731,-1.1413,-1.9451,-173.6979,,,,
0.7287,-0.0282,-0.3755,0.0001,,,,
1.3808,-1.476,-0.5969,1061.4116,,,,
1.5244,-0.0775,-2.826,-0.0221,,,,
0.7353,-0.5363,-1.8359,1.3247,,,,
0.4518,-0.1888,-0.641,0.0152,,,,
1.2216,-0.2725,-1.5787,-1.1611,,,,
1.1555,-0.6578,-1.1774,15.1149,,,,
0.6641,-0.7901,-0.5587,19.6736,,,,
0.2385,-0.4567,-2.8962,0.0315,,,,
0.0772,-1.0941,-2.0208,0.0149,,,,
0.7548,-0.8665,-3.1355,-17.2086,,,,
0.1988,-1.4892,-2.2422,1.7929,,,,
0.3657,-1.0715,-2.1295,4.016,,,,
0.5977,-0.5683,-2.4936,0.2559,,,,
0.8509,-0.1839,-1.1909,0.0937,,,,
1.4668,-0.1331,-1.5122,-0.2537,,,,
1.5336,-0.8996,-0.5903,394.0843,,,,
0.534,-0.7759,-1.4809,5.3822,,,,
1.4444,-0.3361,-2.4609,-10.2146,,,,
0.0139,-0.8923,-2.4486,0,,,,
1.0586,-0.0242,-1.317,0,,,,
0.2825,-0.3406,-2.3645,0.0198,,,,
1.2965,-1.3959,-1.9255,-395.4081,,,,
1.1612,-0.4592,-0.7328,14.5117,,,,
0.5313,-1.2933,-2.1666,15.2614,,,,
0.7045,-0.7435,-0.0647,21.5337,,,,
0.0132,-0.17,-0.2242,0,,,,
0.5922,-0.6909,-2.8431,-0.6511,,,,
1.373,-1.4204,-1.6862,-424.6495,,,,
0.6512,-1.158,-0.8993,63.8988,,,,
1.3232,-0.01,-1.0133,0,,,,
1.0594,-1.423,-1.3968,42.9967,,,,
0.5006,-0.5468,-0.209,1.6516,,,,
0.0283,-1.3287,-2.5906,0.0006,,,,
1.2489,-1.0833,-1.6063,-137.1612,,,,
0.8863,-0.6724,-1.7031,1.6517,,,,
1.4373,-1.4895,-1.4144,-363.1611,,,,
0.327,-0.4204,-1.798,0.0871,,,,
0.8993,-1.4889,-1.2164,182.9095,,,,
1.253,-0.8232,-0.2656,260.4508,,,,
0.7677,-0.048,-2.0159,0,,,,
0.1189,-0.1637,-1.3017,0,,,,
1.1637,-1.3377,-1.0492,220.0209,,,,
1.5506,-1.556,-0.5778,1112.0283,,,,
0.3344,-0.0955,-1.7383,0.0003,,,,
0.0981,-0.4652,-1.229,0.0013,,,,
0.4834,-0.559,-1.6935,1.0105,,,,
0.8196,-1.1027,-0.2833,165.7132,,,,
0.9976,-0.4814,-2.0035,-4.937,,,,
0.7464,-0.1094,-1.2873,0.0076,,,,
1.3035,-1.2626,-2.7556,-264.6688,,,,
1.0012,-0.6834,-1.4741,4.368,,,,
0.8628,-0.7432,-2.2949,-11.5069,,,,
0.7414,-1.5653,-3.0012,-74.9835,,,,
0.5216,-1.5066,-1.6787,43.3352,,,,
0.1403,-0.6458,-2.0375,0.0191,,,,
1.1916,-1.2097,-2.8979,-202.9556,,,,
0.8637,-1.1799,-1.144,105.0103,,,,
1.0688,-0.377,-0.3508,7.1174,,,,
0.6268,-0.2747,-2.7971,-0.0442,,,,
1.4334,-0.8469,-3.1183,-31.8894,,,,
1.0361,-0.4783,-1.9689,-6.0446,,,,
0.9029,-0.1324,-2.5703,-0.0404,,,,
0.1386,-0.7183,-0.0057,0.0294,,,,
1.1372,-0.5973,-0.4574,49.6572,,,,
0.156,-1.3521,-0.8482,0.5788,,,,
0.2486,-0.3837,-1.7915,0.0222,,,,
0.6925,-0.5879,-1.6032,3.1298,,,,
0.5084,-1.1956,-2.8053,3.0426,,,,
0.2042,-1.2898,-2.8607,1.0071,,,,
1.2512,-0.4596,-2.1684,-19.1872,,,,
0.0605,-0.6491,-2.3752,0.0007,,,,
1.4214,-1.1439,-1.2756,-144.2758,,,,
1.5478,-0.1184,-2.6123,-0.194,,,,
0.972,-0.2357,-0.9681,0.4744,,,,
1.152,-0.5798,-2.4821,-29.8341,,,,
0.7941,-0.566,-3.0414,-5.6823,,,,
1.4563,-0.3653,-0.4061,18.7281,,,,
0.4383,-1.2476,-2.8718,4.5734,,,,
0.884,-0.3779,-3.0108,-2.4706,,,,
1.1649,-0.0371,-1.6207,-0.0003,,,,
0.9637,-0.1578,-1.4254,0.0308,,,,
1.4177,-1.0062,-2.645,-187.2357,,,,
0.5316,-0.9883,-1.1843,15.6643,,,,
0.7706,-0.6814,-2.553,-5.467,,,,
1.0287,-0.2638,-0.4636,1.4206,,,,
1.3333,-1.0126,-2.2017,-235.9578,,,,
1.4747,-1.2636,-0.0087,1858.4814,,,,
0.226,-0.5762,-0.2127,0.0859,,,,
1.0461,-1.272,-2.8572,-178.3104,,,,
0.1341,-0.5566,-1.1522,0.0092,,,,
0.5486,-0.1474,-2.4268,0.003,,,,
1.309,-0.1985,-1.0527,0.2528,,,,
1.1464,-0.102,-2.0589,-0.039,,,,
0.2142,-0.2618,-2.8095,0.0024,,,,
0.9653,-1.1206,-0.0861,333.056,,,,
1.4008,-1.3462,-0.295,1590.9177,,,,
0.9351,-1.0877,-0.3058,249.567,,,,
0.6351,-0.7822,-1.1715,11.6159,,,,
0.9452,-0.6985,-0.5117,45.1698,,,,
1.0518,-0.1096,-0.0571,0.0527,,,,
0.3904,-0.6703,-1.8229,0.98,,,,
0.3677,-1.202,-1.6705,7.7064,,,,
1.5688,-1.4902,-0.6036,1014.3292,,,,
0.1146,-1.2914,-0.6817,0.1425,,,,
0.3831,-0.9816,-1.6382,4.2226,,,,
1.3489,-0.6866,-0.8421,67.1654,,,,
1.5495,-1.4251,-1.5482,-558.1986,,,,
0.0381,-0.9455,-2.6166,0.0005,,,,
1.5565,-0.8053,-2.0778,-212.2349,,,,
1.0999,-0.0232,-2.8294,-0.0001,,,,
0.4672,-0.5574,-0.1267,1.3614,,,,
0.1039,-1.4581,-1.5478,0.1527,,,,
1.3884,-0.106,-2.2998,-0.1352,,,,
0.0321,-1.4685,-1.9433,0.0015,,,,
1.0194,-1.0537,-1.1599,84.1661,,,,
0.2227,-0.5106,-0.1863,0.05,,,,
0.7723,-0.2,-1.3963,0.0792,,,,
0.8573,-0.8883,-3.0032,-33.0369,,,,
0.6582,-0.9252,-2.7177,-4.7111,,,,
1.4642,-1.5226,-0.9194,276.2132,,,,
0.6363,-1.2491,-2.5347,-2.1603,,,,
1.3177,-0.6829,-1.1001,15.8316,,,,
1.1659,-1.4477,-1.0917,217.0949,,,,
0.5422,-0.4007,-2.0765,0.2676,,,,
1.1259,-0.3504,-1.2663,0.9461,,,,
1.1815,-1.0432,-1.2231,39.9544,,,,
0.2139,-0.0003,-2.9212,0,,,,
0.678,-1.3894,-1.5409,62.867,,,,
0.4235,-0.6375,-1.341,1.2728,,,,
0.321,-0.9318,-2.0403,1.6731,,,,
0.5397,-0.422,-1.881,0.3981,,,,
0.921,-1.0587,-0.8767,129.1321,,,,
1.5383,-1.5062,-2.1704,-534.2871,,,,
0.1034,-0.2063,-0.6823,0.0001,,,,
0.1417,-1.1082,-2.1876,0.1666,,,,
1.2521,-0.9028,-2.9812,-96.3348,,,,
1.144,-0.0972,-2.0432,-0.0313,,,,
1.5581,-1.4731,-0.9914,30.502,,,,
1.4822,-0.3811,-1.8942,-20.1822,,,,
1.3809,-1.1626,-0.7242,473.8942,,,,
1.1481,-1.2357,-2.1532,-216.4029,,,,
0.871,-0.5201,-1.0015,7.3543,,,,
0.9094,-0.6642,-1.9695,-5.7243,,,,
0.8152,-0.1993,-0.6449,0.1795,,,,
1.2124,-0.2021,-1.3784,-0.1034,,,,
1.3171,-1.0709,-2.1236,-259.8177,,,,
0.6126,-0.8046,-1.155,11.6853,,,,
0.0832,-1.443,-2.3968,0.0594,,,,
0.2615,-0.3834,-1.6772,0.0271,,,,
1.1174,-0.9634,-1.4783,-15.4249,,,,
0.8711,-0.9216,-2.953,-38.9891,,,,
0.3247,-0.1544,-2.9093,0.0011,,,,
1.0236,-0.8378,-2.1325,-42.6866,,,,
0.5382,-0.4305,-2.8596,0.0238,,,,
1.2408,-0.4658,-1.7536,-13.628,,,,
1.1122,-0.1726,-2.8303,-0.369,,,,
1.1432,-1.3434,-0.4555,813.404,,,,
1.3726,-1.2456,-3.0885,-128.105,,,,
0.0713,-0.6223,-0.1585,0.0012,,,,
1.0182,-1.1963,-2.2914,-124.9729,,,,
0.6876,-1.211,-2.7438,-17.0703,,,,
0.5952,-0.9302,-1.9814,7.443,,,,
0.865,-1.4307,-2.1231,-53.1163,,,,
0.3926,-0.0471,-0.6242,0,,,,
0.3212,-1.3101,-2.2331,5.3846,,,,
1.5506,-0.7076,-1.3079,-96.8156,,,,
1.1571,-1.0786,-1.0395,132.0335,,,,
1.2425,-0.6117,-0.3361,81.176,,,,
1.2866,-0.4733,-1.3904,-6.8255,,,,
0.7435,-0.3215,-1.7498,0.2445,,,,
0.7191,-1.5222,-2.383,-18.8801,,,,
0.3858,-0.9398,-2.4419,2.3895,,,,
1.3511,-1.5104,-1.435,-277.6752,,,,
0.8768,-0.4426,-1.2262,2.9375,,,,
0.1406,-1.4953,-0.4619,0.5787,,,,
0.7544,-0.8566,-0.688,39.7489,,,,
1.4797,-0.862,-2.3388,-188.616,,,,
0.461,-1.4163,-2.2197,16.3151,,,,
0.4307,-0.1233,-1.6407,0.0018,,,,
0.4323,-0.269,-0.5375,0.0532,,,,
0.5195,-0.2114,-1.3171,0.0335,,,,
1.174,-1.4788,-1.8994,-286.8189,,,,
0.5306,-1.0146,-3.1155,-1.0964,,,,
1.0765,-0.2691,-2.7103,-1.6954,,,,
1.5708,-0.9081,-2.4606,-183.6656,,,,
0.4766,-0.2517,-1.4019,0.0482,,,,
0.6622,-1.2568,-2.5437,-6.6622,,,,
1.0617,-1.4394,-1.7583,-115.0132,,,,
1.2322,-0.7188,-0.6139,107.054,,,,
0.8895,-0.1265,-1.2885,0.0196,,,,
0.5335,-1.2781,-1.764,24.4894,,,,
1.5682,-0.6904,-0.7294,116.0456,,,,
0.9955,-0.2382,-0.4453,0.8452,,,,
1.1421,-0.3114,-1.7757,-1.8357,,,,
0.5412,-1.3699,-3.0795,-3.3894,,,,
0.51,-0.7551,-2.769,0.7509,,,,
0.9292,-0.0033,-0.0605,0,,,,
0.1821,-0.3762,-2.1876,0.006,,,,
1.3873,-0.3391,-1.4325,-4.9917,,,,
1.3514,-1.5579,-0.766,704.1148,,,,
1.0445,-0.2637,-0.9233,0.9514,,,,
0.4841,-0.6696,-2.6478,0.7516,,,,
1.1096,-0.552,-1.5483,-4.5301,,,,
0.1408,-0.9146,-0.0809,0.0823,,,,
0.6305,-1.5584,-0.0298,236.6547,,,,
1.0856,-0.3657,-1.4264,0.1465,,,,
1.4944,-1.0719,-0.6269,554.9108,,,,
1.1141,-1.2069,-0.8748,280.316,,,,
0.3865,-1.3098,-1.4624,13.5476,,,,
1.2093,-0.8695,-0.5908,203.2018,,,,
0.4759,-0.3613,-1.5351,0.1899,,,,
0.0775,-1.5498,-1.288,0.0616,,,,
0.9636,-0.349,-0.6739,2.9501,,,,
0.8912,-1.2586,-1.8284,-10.5466,,,,
1.3241,-1.3422,-1.725,-350.247,,,,
0.8702,-0.9855,-2.6627,-41.6743,,,,
0.8781,-1.0117,-1.7252,5.4224,,,,
1.1696,-0.1296,-0.8236,0.0895,,,,
1.5495,-0.1498,-2.3683,-0.6779,,,,
0.0825,-1.3678,-1.4182,0.0477,,,,
0.4685,-1.4139,-0.5008,50.3393,,,,
0.8203,-1.2815,-1.2131,110.4478,,,,
0.0806,-1.1579,-1.4609,0.0224,,,,
0.1217,-0.2683,-1.4801,0.0003,,,,
0.9241,-0.8793,-2.7795,-42.5444,,,,
0.9915,-0.5609,-1.0346,12.7496,,,,
0.3399,-0.9773,-0.6103,3.4606,,,,
0.4862,-0.1646,-2.0026,0.0068,,,,
0.1668,-1.5228,-0.4767,1.225,,,,
0.7823,-1.3302,-0.1183,288.9625,,,,
1.1206,-0.5306,-2.5714,-20.3199,,,,
0.3365,-1.0899,-2.5041,2.7883,,,,
0.7198,-1.2462,-2.3484,-9.3034,,,,
0.3183,-0.2084,-1.1215,0.0054,,,,
0.5238,-0.439,-2.1913,0.3151,,,,
0.254,-0.9302,-1.1151,0.8694,,,,
1.5685,-0.6987,-0.5456,206.1838,,,,
0.7268,-0.6605,-2.5513,-2.944,,,,
1.2378,-1.2286,-2.4809,-278.339,,,,
0.1826,-0.3373,-2.9715,0.0037,,,,
0.1246,-1.4858,-2.2701,0.3181,,,,
0.5451,-1.1967,-2.137,12.6572,,,,
0.6465,-1.5533,-1.4389,94.84,,,,
1.4199,-1.4277,-1.2857,-214.5922,,,,
0.244,-0.2051,-2.2184,0.0016,,,,
0.8605,-0.3671,-1.5321,0.6815,,,,
0.3673,-0.6111,-0.2366,0.7515,,,,
0.6268,-0.8084,-2.8086,-2.2353,,,,
0.3053,-0.0329,-2.6951,0,,,,
0.6089,-1.1456,-1.5896,26.8842,,,,
1.2763,-1.0815,-1.7259,-188.8316,,,,
0.805,-0.5863,-1.0843,8.4883,,,,
1.343,-1.0197,-0.037,753.3411,,,,
1.0672,-0.3479,-1.3726,0.5431,,,,
1.4905,-0.5757,-1.2608,-31.9629,,,,
0.7403,-0.1667,-1.2957,0.0396,,,,
0.7159,-0.9473,-1.3147,27.6114,,,,
0.0775,-0.0359,-2.3704,0,,,,
0.4096,-0.1456,-0.5852,0.0037,,,,
0.0588,-0.628,-0.6973,0.0006,,,,
0.2785,-0.9082,-3.0742,0.6668,,,,
0.8865,-0.9053,-1.8184,-2.8242,,,,
0.9675,-0.1693,-0.9981,0.1214,,,,
1.1111,-1.2954,-0.718,464.5486,,,,
1.4871,-1.5658,-0.3528,1959.0999,,,,
0.145,-0.3207,-0.8876,0.0014,,,,
1.3434,-0.0206,-2.5863,-0.0002,,,,
0.3482,-0.7353,-2.8661,0.5889,,,,
0.6767,-1.5457,-2.9341,-38.8403,,,,
0.7691,-0.7468,-2.6202,-7.9923,,,,
0.7301,-0.04,-0.1688,0.0002,,,,
0.8238,-1.2425,-0.9386,152.3759,,,,
1.0237,-0.383,-0.8812,4.1228,,,,
0.0325,-0.4893,-2.0237,0,,,,
1.4165,-0.8059,-2.0808,-164.7429,,,,
0.1407,-0.9008,-1.5077,0.0746,,,,
0.6611,-1.0262,-0.0607,58.7103,,,,
0.7426,-1.1793,-2.3074,-10.5114,,,,
0.6042,-1.2238,-1.9946,17.8445,,,,
1.2465,-0.6327,-1.1803,8.1437,,,,
0.6397,-0.0519,-1.3227,0.0002,,,,
0.1514,-0.0719,-1.4124,0,,,,
0.3565,-1.3695,-1.4144,12.4251,,,,
0.7246,-0.8663,-2.8825,-11.2988,,,,
1.3069,-0.0585,-2.6613,-0.0095,,,,
1.2774,-0.1749,-3.0938,-0.4425,,,,
0.2176,-0.8364,-0.8065,0.3199,,,,
1.1199,-0.8183,-2.9833,-65.1208,,,,
0.3974,-0.4779,-1.2467,0.3351,,,,
0.6035,-1.4314,-3.0129,-13.6864,,,,
0.7411,-0.6091,-2.2077,-0.5994,,,,
1.2809,-0.2313,-1.2918,-0.1819,,,,
0.4369,-0.9898,-2.9843,1.7855,,,,
0.5579,-0.7841,-0.5801,9.8749,,,,
1.3954,-0.0829,-0.6342,0.0338,,,,
1.3885,-1.4307,-2.3355,-461.2513,,,,
0.5394,-1.2335,-2.5839,5.2385,,,,
0.1666,-0.8771,-2.7695,0.1159,,,,
1.2811,-0.4123,-1.4,-4.1832,,,,
0.1834,-1.2567,-2.8197,0.6421,,,,
0.7893,-1.3783,-2.6046,-55.9104,,,,
0.419,-1.5511,-0.2865,48.9053,,,,
0.8625,-1.5367,-2.706,-130.3708,,,,
0.6028,-0.8956,-1.0094,18.1419,,,,
0.7742,-0.4805,-0.0035,5.6121,,,,
1.5708,-0.0002,-0.0014,2433.767143,,,,
0.0004,-1.5698,-3.1405,-572.5354725,,,,
